公司代號,公司名稱,市場別,財簽事務所,財簽會計師,[永續報告書] 狀態,[永續報告書] 申報日,[永續報告書] 有會計師確信,[永續報告書] 確信出具者,[永續報告書] 確信準則,[永續報告書] 確信等級,[永續報告書] 確信範圍,[永續報告書] 有第三方查證,[永續報告書] 查證機構,[永續報告書] 查證標準,[永續報告書] 確信者為安永,[溫室氣體] 已申報,[溫室氣體] 範疇一排放量,[溫室氣體] 範疇二排放量,[溫室氣體] 範疇一確信範圍,[溫室氣體] 範疇一確信意見,[溫室氣體] 有確信報告,[溫室氣體] 確信報告出具者,[溫室氣體] 出具者類型,[溫室氣體] 確信者為安永,【綜合】重疊態樣,【綜合】待補資料,資料來源,需人工確認
1218,泰山,上市,安永聯合會計師事務所,黃子評、林素雯,已出版,2026/08/28,是,安永聯合會計師事務所,確信準則3000號(原公報第一號),有限確信,"永續報告書符合GRI永續性報導準則, 永續會計準則委員會(SASB)之行業指標",否,,,是,是,"6,111.9136","6,028.9680",N/A,,否,,,無確信,僅永續報告書確信重疊,溫室氣體未確信,永續報告書 https://esggenplus.twse.com.tw/inquiry/report?market=0&year=2025&companyCode=1218&lang=zh-TW　｜溫室氣體 https://esggenplus.twse.com.tw/inquiry/info/individual?market=0&companyCode=1218&year=2025&lang=zh-TW,否
1233,天仁,上市,安永聯合會計師事務所,陳智忠、李育儒,已出版,2026/08/19,是,安永聯合會計師事務所,確信準則3000號(原公報第一號),有限確信,"永續報告書符合GRI永續性報導準則, 永續會計準則委員會(SASB)之行業指標",否,,,是,是,"1,380.2500","3,619.2100",N/A,,否,,,無確信,僅永續報告書確信重疊,溫室氣體未確信,永續報告書 https://esggenplus.twse.com.tw/inquiry/report?market=0&year=2025&companyCode=1233&lang=zh-TW　｜溫室氣體 https://esggenplus.twse.com.tw/inquiry/info/individual?market=0&companyCode=1233&year=2025&lang=zh-TW,否
1236,宏亞,上市,安永聯合會計師事務所,徐榮煌、劉榮進,已出版,2026/08/24,是,安永聯合會計師事務所,確信準則3000號(原公報第一號),有限確信,"永續報告書符合GRI永續性報導準則, 所屬產業之永續指標, 永續會計準則委員會(SASB)之行業指標",否,,,是,是,"2,839.8200","7,346.3600",已完成合併財務報表之母子公司,有限確信,是,安永聯合會計師事務所,會計師事務所,是,兩線皆重疊,兩線齊備,永續報告書 https://esggenplus.twse.com.tw/inquiry/report?market=0&year=2025&companyCode=1236&lang=zh-TW　｜溫室氣體 https://esggenplus.twse.com.tw/inquiry/info/individual?market=0&companyCode=1236&year=2025&lang=zh-TW,是：溫室氣體確信報告：確信標的為永續報告書永續績效資訊（準則3000號），非溫室氣體聲明；填報於溫室氣體確信欄位，範圍認定需確認
1319,東陽,上市,安永聯合會計師事務所,胡子仁、洪國森,已出版,2026/08/28,是,秉承聯合會計師事務所,確信準則3000號(原公報第一號),有限確信,"永續報告書符合GRI永續性報導準則, 自訂指標",否,,,否,是,"15,306.7024","67,241.3954","已完成母公司,已完成溫室氣體盤查查證之子公司如下:
1.TYG HOLDING (U.S.A.), INC.
2.TYG MANAGEMENT, INC.
3.TYG LEASING, L.P.
4.TYG PRODUCTS, L.P.
5.佛山東陽汽車零部件有限公司
6.東陽(廣州)技術研發服務有限公司
7.重慶大江東陽塑料製品有限公司
8.福州東陽塑料製品有限公司
9.廣州東陽立松模具製造有限公司
10.如陽股份有限公司",合理保證等級,是,財團法人工業技術研究院（ITRI）,驗證／查驗機構,否,無重疊,兩線齊備,永續報告書 https://esggenplus.twse.com.tw/inquiry/report?market=0&year=2025&companyCode=1319&lang=zh-TW　｜溫室氣體 https://esggenplus.twse.com.tw/inquiry/info/individual?market=0&companyCode=1319&year=2025&lang=zh-TW,否
1324,地球,上市,安永聯合會計師事務所,徐榮煌、楊弘斌,已出版,2026/08/27,否,,,,,否,,,無確信,是,"3,257.4133","2,072.9421",N/A,,否,,,無確信,無重疊,溫室氣體未確信,永續報告書 https://esggenplus.twse.com.tw/inquiry/report?market=0&year=2025&companyCode=1324&lang=zh-TW　｜溫室氣體 https://esggenplus.twse.com.tw/inquiry/info/individual?market=0&companyCode=1324&year=2025&lang=zh-TW,是：永續報告書已出版但確信與查證欄全空、亦未附任何文件，須翻 PDF 附錄複核
1342,八貫,上市,安永聯合會計師事務所,張志銘、黃建澤,已出版,2026/08/25,否,,,,,否,,,無確信,是,"3,186.6225","5,117.5597",已完成母公司,合理保證等級,是,台灣德國北德技術監護顧問股份有限公司（TÜV NORD）,驗證／查驗機構,否,無重疊,兩線齊備,永續報告書 https://esggenplus.twse.com.tw/inquiry/report?market=0&year=2025&companyCode=1342&lang=zh-TW　｜溫室氣體 https://esggenplus.twse.com.tw/inquiry/info/individual?market=0&companyCode=1342&year=2025&lang=zh-TW,是：永續報告書已出版但確信與查證欄全空、亦未附任何文件，須翻 PDF 附錄複核
1423,利華,上市,安永聯合會計師事務所,余倩如、王彥鈞,已出版,2026/08/11,否,,,,,否,,,無確信,是,45.8276,471.1445,N/A,,否,,,無確信,無重疊,溫室氣體未確信,永續報告書 https://esggenplus.twse.com.tw/inquiry/report?market=0&year=2025&companyCode=1423&lang=zh-TW　｜溫室氣體 https://esggenplus.twse.com.tw/inquiry/info/individual?market=0&companyCode=1423&year=2025&lang=zh-TW,是：永續報告書已出版但確信與查證欄全空、亦未附任何文件，須翻 PDF 附錄複核
1445,大宇,上市,安永聯合會計師事務所,黃靖雅、劉榮進,已出版,2026/08/13,否,,,,,否,,,無確信,是,105.0517,"6,599.4396",已完成母公司,有限確信,是,安永聯合會計師事務所,會計師事務所,是,僅溫室氣體確信重疊,兩線齊備,永續報告書 https://esggenplus.twse.com.tw/inquiry/report?market=0&year=2025&companyCode=1445&lang=zh-TW　｜溫室氣體 https://esggenplus.twse.com.tw/inquiry/info/individual?market=0&companyCode=1445&year=2025&lang=zh-TW,是：永續報告書已出版但確信與查證欄全空、亦未附任何文件，須翻 PDF 附錄複核
1446,宏和,上市,安永聯合會計師事務所,胡子仁、姚世傑,已出版,2026/08/11,否,,,,,否,,,無確信,是,1.6062,144.7994,N/A,,否,,,無確信,無重疊,溫室氣體未確信,永續報告書 https://esggenplus.twse.com.tw/inquiry/report?market=0&year=2025&companyCode=1446&lang=zh-TW　｜溫室氣體 https://esggenplus.twse.com.tw/inquiry/info/individual?market=0&companyCode=1446&year=2025&lang=zh-TW,是：永續報告書已出版但確信與查證欄全空、亦未附任何文件，須翻 PDF 附錄複核
1516,川飛,上市,安永聯合會計師事務所,鄭清標、林政緯,已出版,2026/08/17,否,,,,,否,,,無確信,是,0.0000,4.9586,N/A,,否,,,無確信,無重疊,溫室氣體未確信,永續報告書 https://esggenplus.twse.com.tw/inquiry/report?market=0&year=2025&companyCode=1516&lang=zh-TW　｜溫室氣體 https://esggenplus.twse.com.tw/inquiry/info/individual?market=0&companyCode=1516&year=2025&lang=zh-TW,是：永續報告書已出版但確信與查證欄全空、亦未附任何文件，須翻 PDF 附錄複核
1522,堤維西,上市,安永聯合會計師事務所,胡子仁、洪國森,已出版,2026/07/13,否,,,,,是,台灣衛理國際品保驗證股份有限公司,AA1000 第1類型(Type1) 中度保證,無確信,是,720.6000,"14,365.7000",已完成母公司,合理保證等級,是,台灣衛理國際品保驗證股份有限公司（Bureau Veritas Certification Taiwan）,驗證／查驗機構,否,無重疊,兩線齊備,永續報告書 https://esggenplus.twse.com.tw/inquiry/report?market=0&year=2025&companyCode=1522&lang=zh-TW　｜溫室氣體 https://esggenplus.twse.com.tw/inquiry/info/individual?market=0&companyCode=1522&year=2025&lang=zh-TW,否
1525,江申,上市,安永聯合會計師事務所,黃宇廷、黃建澤,已出版,2026/08/28,是,安永聯合會計師事務所,確信準則3000號(原公報第一號),有限確信,永續報告書符合GRI永續性報導準則,否,,,是,是,"1,121.6935","2,086.1688",已完成母公司,合理保證等級,是,法標國際驗證股份有限公司（AFNOR ASIA）,驗證／查驗機構,否,僅永續報告書確信重疊,兩線齊備,永續報告書 https://esggenplus.twse.com.tw/inquiry/report?market=0&year=2025&companyCode=1525&lang=zh-TW　｜溫室氣體 https://esggenplus.twse.com.tw/inquiry/info/individual?market=0&companyCode=1525&year=2025&lang=zh-TW,否
1536,和大,上市,安永聯合會計師事務所,黃靖雅、黃子評,已出版,2026/08/25,是,安永聯合會計師事務所,確信準則3000號(原公報第一號),有限確信,"永續報告書符合GRI永續性報導準則, 永續會計準則委員會(SASB)之行業指標",否,,,是,是,"1,350.2876","51,697.2028","已完成母公司,子公司：和旺汽車部件(淮安)有限公司",合理保證等級,是,英國標準協會（BSI Group Singapore Pte. Ltd. Taiwan Branch）,驗證／查驗機構,否,僅永續報告書確信重疊,兩線齊備,永續報告書 https://esggenplus.twse.com.tw/inquiry/report?market=0&year=2025&companyCode=1536&lang=zh-TW　｜溫室氣體 https://esggenplus.twse.com.tw/inquiry/info/individual?market=0&companyCode=1536&year=2025&lang=zh-TW,否
1541,錩泰,上市,安永聯合會計師事務所,羅文振、黃宇廷,已出版,2026/08/13,否,,,,,否,,,無確信,是,"1,896.3160","3,786.6035",已完成母公司,合理保證等級,是,法標國際驗證股份有限公司（AFNOR ASIA）,驗證／查驗機構,否,無重疊,兩線齊備,永續報告書 https://esggenplus.twse.com.tw/inquiry/report?market=0&year=2025&companyCode=1541&lang=zh-TW　｜溫室氣體 https://esggenplus.twse.com.tw/inquiry/info/individual?market=0&companyCode=1541&year=2025&lang=zh-TW,是：永續報告書已出版但確信與查證欄全空、亦未附任何文件，須翻 PDF 附錄複核
1558,伸興,上市,安永聯合會計師事務所,黃靖雅、羅文振,已出版,2026/08/31,否,,,,,是,TUV,AA1000 第1類型(Type1) 中度保證,無確信,是,"2,858.0000","11,725.0000",中國機電,合理保證等級,是,台灣德國萊因技術監護顧問股份有限公司（TÜV Rheinland）,驗證／查驗機構,否,無重疊,兩線齊備,永續報告書 https://esggenplus.twse.com.tw/inquiry/report?market=0&year=2025&companyCode=1558&lang=zh-TW　｜溫室氣體 https://esggenplus.twse.com.tw/inquiry/info/individual?market=0&companyCode=1558&year=2025&lang=zh-TW,否
1612,宏泰,上市,安永聯合會計師事務所,劉榮進、楊弘斌,已出版,2026/08/20,否,,,,,否,,,無確信,是,260.6547,"6,346.0499",已完成合併財務報表之母子公司,合理保證等級,是,財團法人台灣大電力研究試驗中心,驗證／查驗機構,否,無重疊,兩線齊備,永續報告書 https://esggenplus.twse.com.tw/inquiry/report?market=0&year=2025&companyCode=1612&lang=zh-TW　｜溫室氣體 https://esggenplus.twse.com.tw/inquiry/info/individual?market=0&companyCode=1612&year=2025&lang=zh-TW,是：永續報告書已出版但確信與查證欄全空、亦未附任何文件，須翻 PDF 附錄複核
1713,國化,上市,安永聯合會計師事務所,王瑄瑄、劉慧媛,已出版,2026/08/31,是,安永聯合會計師事務所,確信準則3000號(原公報第一號),有限確信,永續報告書符合GRI永續性報導準則,否,,,是,是,"3,517.5135","1,953.1965",N/A,,否,,,無確信,僅永續報告書確信重疊,溫室氣體未確信,永續報告書 https://esggenplus.twse.com.tw/inquiry/report?market=0&year=2025&companyCode=1713&lang=zh-TW　｜溫室氣體 https://esggenplus.twse.com.tw/inquiry/info/individual?market=0&companyCode=1713&year=2025&lang=zh-TW,否
1721,三晃,上市,安永聯合會計師事務所,柯雅婷、黃子評,已出版,2026/08/13,是,安永聯合會計師事務所,確信準則3000號(原公報第一號),有限確信,永續報告書符合GRI永續性報導準則,否,,,是,是,"8,374.3194","12,615.1070",已完成母公司,合理保證等級,是,資誠普華綠色科技有限公司（PwC）,會計師事務所體系顧問公司,否,僅永續報告書確信重疊,兩線齊備,永續報告書 https://esggenplus.twse.com.tw/inquiry/report?market=0&year=2025&companyCode=1721&lang=zh-TW　｜溫室氣體 https://esggenplus.twse.com.tw/inquiry/info/individual?market=0&companyCode=1721&year=2025&lang=zh-TW,否
1736,喬山,上市,安永聯合會計師事務所,柯雅婷、黃子評,已出版,2026/08/28,否,,,,,是,BSI,AA1000 第1類型(Type1) 中度保證,無確信,是,"13,146.0081","30,220.4563","已完成母公司,喬山健身器材(上海)有限公司
喬山健康科技(上海)有限公司
Johnson Health Industry (Viet Nam) Company Limited",有限確信,是,KPMG 安侯建業聯合會計師事務所,會計師事務所,否,無重疊,兩線齊備,永續報告書 https://esggenplus.twse.com.tw/inquiry/report?market=0&year=2025&companyCode=1736&lang=zh-TW　｜溫室氣體 https://esggenplus.twse.com.tw/inquiry/info/individual?market=0&companyCode=1736&year=2025&lang=zh-TW,否
1737,臺鹽,上市,安永聯合會計師事務所,姚世傑、李芳文,已出版,2026/08/28,是,安永聯合會計師事務所,確信準則3000號(原公報第一號),有限確信,"永續報告書符合GRI永續性報導準則, 永續會計準則委員會(SASB)之行業指標",否,,,是,是,"21,369.1944","3,773.5253","已完成母公司,臺鹽綠能股份有限公司",合理保證等級,是,財團法人台灣大電力研究試驗中心,驗證／查驗機構,否,僅永續報告書確信重疊,兩線齊備,永續報告書 https://esggenplus.twse.com.tw/inquiry/report?market=0&year=2025&companyCode=1737&lang=zh-TW　｜溫室氣體 https://esggenplus.twse.com.tw/inquiry/info/individual?market=0&companyCode=1737&year=2025&lang=zh-TW,否
1786,科妍,上市,安永聯合會計師事務所,洪國森、姚世傑,已出版,2026/08/31,否,,,,,否,,,無確信,是,285.4853,"2,441.1690",N/A,,否,,,無確信,無重疊,溫室氣體未確信,永續報告書 https://esggenplus.twse.com.tw/inquiry/report?market=0&year=2025&companyCode=1786&lang=zh-TW　｜溫室氣體 https://esggenplus.twse.com.tw/inquiry/info/individual?market=0&companyCode=1786&year=2025&lang=zh-TW,是：永續報告書已出版但確信與查證欄全空、亦未附任何文件，須翻 PDF 附錄複核
1802,台玻,上市,安永聯合會計師事務所,李育儒、黃建澤,已出版,2026/08/31,是,安永聯合會計師事務所,確信準則3000號(原公報第一號),有限確信,永續報告書符合GRI永續性報導準則,否,,,是,是,"2,037,041.5255","988,354.6889",已完成母公司,合理保證等級,是,台灣檢驗科技股份有限公司（SGS）,驗證／查驗機構,否,僅永續報告書確信重疊,兩線齊備,永續報告書 https://esggenplus.twse.com.tw/inquiry/report?market=0&year=2025&companyCode=1802&lang=zh-TW　｜溫室氣體 https://esggenplus.twse.com.tw/inquiry/info/individual?market=0&companyCode=1802&year=2025&lang=zh-TW,是：溫室氣體確信報告：上傳版本通篇為 Draft：意見書編號印為「UNIQUE CODE」、簽署日期為「2026年XX月XX日」，屬未定稿之查驗意見書
2015,豐興,上市,安永聯合會計師事務所,黃靖雅、涂清淵,已出版,2026/08/31,否,,,,,否,,,無確信,是,"162,752.2471","388,194.8233",已完成合併財務報表之母子公司,,否,,,無確信,無重疊,溫室氣體未確信,永續報告書 https://esggenplus.twse.com.tw/inquiry/report?market=0&year=2025&companyCode=2015&lang=zh-TW　｜溫室氣體 https://esggenplus.twse.com.tw/inquiry/info/individual?market=0&companyCode=2015&year=2025&lang=zh-TW,是：永續報告書已出版但確信與查證欄全空、亦未附任何文件，須翻 PDF 附錄複核
2022,聚亨,上市,安永聯合會計師事務所,陳政初、李芳文,已出版,2026/08/17,否,,,,,否,,,無確信,是,"25,081.1215","40,828.3361",已完成母公司,合理保證等級,是,立恩威國際驗證股份有限公司（DNV）,驗證／查驗機構,否,無重疊,兩線齊備,永續報告書 https://esggenplus.twse.com.tw/inquiry/report?market=0&year=2025&companyCode=2022&lang=zh-TW　｜溫室氣體 https://esggenplus.twse.com.tw/inquiry/info/individual?market=0&companyCode=2022&year=2025&lang=zh-TW,是：永續報告書已出版但確信與查證欄全空、亦未附任何文件，須翻 PDF 附錄複核
2072,世紀風電,上市,安永聯合會計師事務所,林政緯、陳國帥,尚未出版,,不適用,,,,,不適用,,,不適用,是,"3,883.9576","7,581.1105","已完成母公司,本公司 2025 年度溫室氣體盤查範圍係以母公司個體為主，涵蓋台北港辦公棟及一期至三期廠區，惟觀音廠目前尚非屬本次盤查邊界。另在合併財務報表子公司部分，子公司「世紀鈽錸特股份有限公司」因配合集團業務調整，已於 2023 年 12 月 28 日經經濟部核准解散，截至 2025 年 12 月 31 日止仍處於清算程序中，因無實質營運活動，故未納入本次盤查與確信範圍。",合理保證等級,是,台灣德國萊因技術監護顧問股份有限公司（TÜV Rheinland）,驗證／查驗機構,否,無重疊,永續報告書未出版,永續報告書 https://esggenplus.twse.com.tw/inquiry/report?market=0&year=2025&companyCode=2072&lang=zh-TW　｜溫室氣體 https://esggenplus.twse.com.tw/inquiry/info/individual?market=0&companyCode=2072&year=2025&lang=zh-TW,否
2233,宇隆,上市,安永聯合會計師事務所,黃靖雅、羅文振,已出版,2026/08/27,否,,,,,否,,,無確信,是,166.6522,"3,373.0229",N/A,,否,,,無確信,無重疊,溫室氣體未確信,永續報告書 https://esggenplus.twse.com.tw/inquiry/report?market=0&year=2025&companyCode=2233&lang=zh-TW　｜溫室氣體 https://esggenplus.twse.com.tw/inquiry/info/individual?market=0&companyCode=2233&year=2025&lang=zh-TW,是：永續報告書已出版但確信與查證欄全空、亦未附任何文件，須翻 PDF 附錄複核
2235,謚源,上櫃,安永聯合會計師事務所,李育儒、王瑄瑄,已出版,2026/08/31,否,,,,,否,,,無確信,是,16.6110,"2,545.7140",N/A,,否,,,無確信,無重疊,溫室氣體未確信,永續報告書 https://esggenplus.twse.com.tw/inquiry/report?market=1&year=2025&companyCode=2235&lang=zh-TW　｜溫室氣體 https://esggenplus.twse.com.tw/inquiry/info/individual?market=1&companyCode=2235&year=2025&lang=zh-TW,是：永續報告書已出版但確信與查證欄全空、亦未附任何文件，須翻 PDF 附錄複核
2303,聯電,上市,安永聯合會計師事務所,楊雨霓、余倩如,已出版,2026/07/31,否,,,,,是,台灣檢驗科技(SGS),AA1000 第2類型(Type2) 高度保證,無確信,是,"435,398.0000","1,376,982.0000",已完成合併財務報表之母子公司,合理保證等級,是,立恩威國際驗證股份有限公司（DNV）,驗證／查驗機構,否,無重疊,兩線齊備,永續報告書 https://esggenplus.twse.com.tw/inquiry/report?market=0&year=2025&companyCode=2303&lang=zh-TW　｜溫室氣體 https://esggenplus.twse.com.tw/inquiry/info/individual?market=0&companyCode=2303&year=2025&lang=zh-TW,否
2312,金寶,上市,安永聯合會計師事務所,陳智忠、傅文芳,已出版,2026/08/28,是,安永聯合會計師事務所,確信準則3000號(原公報第一號),有限確信,"所屬產業之永續指標, 永續報告書符合GRI永續性報導準則",是,安永聯合會計師事務所,確信準則第3000號「非屬歷史性財務資訊查核或核閱之確信案件」,是,是,"11,205.5582","189,974.4668",已完成合併財務報表之母子公司,合理保證等級,是,立恩威國際驗證股份有限公司（DNV）,驗證／查驗機構,否,僅永續報告書確信重疊,兩線齊備,永續報告書 https://esggenplus.twse.com.tw/inquiry/report?market=0&year=2025&companyCode=2312&lang=zh-TW　｜溫室氣體 https://esggenplus.twse.com.tw/inquiry/info/individual?market=0&companyCode=2312&year=2025&lang=zh-TW,是：溫室氣體確信報告：上傳者為 72 頁多機構查驗聲明彙編而非單一確信報告；出具者係以台灣母公司之 DNV 意見為準
2349,錸德,上市,安永聯合會計師事務所,謝勝安、邱琬茹,已出版,2026/08/13,否,,,,,否,,,無確信,是,"2,427.3670","44,852.7860",N/A,,否,,,無確信,無重疊,溫室氣體未確信,永續報告書 https://esggenplus.twse.com.tw/inquiry/report?market=0&year=2025&companyCode=2349&lang=zh-TW　｜溫室氣體 https://esggenplus.twse.com.tw/inquiry/info/individual?market=0&companyCode=2349&year=2025&lang=zh-TW,是：永續報告書已出版但確信與查證欄全空、亦未附任何文件，須翻 PDF 附錄複核
2363,矽統,上市,安永聯合會計師事務所,胡慎緁、許新民,已出版,2026/08/14,否,,,,,否,,,無確信,是,173.9301,"1,862.3197",N/A,,否,,,無確信,無重疊,溫室氣體未確信,永續報告書 https://esggenplus.twse.com.tw/inquiry/report?market=0&year=2025&companyCode=2363&lang=zh-TW　｜溫室氣體 https://esggenplus.twse.com.tw/inquiry/info/individual?market=0&companyCode=2363&year=2025&lang=zh-TW,是：永續報告書已出版但確信與查證欄全空、亦未附任何文件，須翻 PDF 附錄複核
2413,環科,上市,安永聯合會計師事務所,羅文振、黃靖雅,已出版,2026/08/07,是,安永聯合會計師事務所,確信準則3000號(原公報第一號),有限確信,"永續報告書符合GRI永續性報導準則, 所屬產業之永續指標, 永續會計準則委員會(SASB)之行業指標",否,,,是,是,235.9500,"3,208.7100",已完成母公司,合理保證等級,是,台灣檢驗科技股份有限公司（SGS）,驗證／查驗機構,否,僅永續報告書確信重疊,兩線齊備,永續報告書 https://esggenplus.twse.com.tw/inquiry/report?market=0&year=2025&companyCode=2413&lang=zh-TW　｜溫室氣體 https://esggenplus.twse.com.tw/inquiry/info/individual?market=0&companyCode=2413&year=2025&lang=zh-TW,否
2414,精技,上市,安永聯合會計師事務所,李育儒、郭紹彬,已出版,2026/08/20,否,,,,,否,,,無確信,是,399.6862,865.6087,N/A,,否,,,無確信,無重疊,溫室氣體未確信,永續報告書 https://esggenplus.twse.com.tw/inquiry/report?market=0&year=2025&companyCode=2414&lang=zh-TW　｜溫室氣體 https://esggenplus.twse.com.tw/inquiry/info/individual?market=0&companyCode=2414&year=2025&lang=zh-TW,是：永續報告書已出版但確信與查證欄全空、亦未附任何文件，須翻 PDF 附錄複核
2423,固緯,上市,安永聯合會計師事務所,張巧穎、陳智忠,已出版,2026/06/26,否,,,,,否,,,無確信,是,60.6507,"1,362.3708",N/A,,否,,,無確信,無重疊,溫室氣體未確信,永續報告書 https://esggenplus.twse.com.tw/inquiry/report?market=0&year=2025&companyCode=2423&lang=zh-TW　｜溫室氣體 https://esggenplus.twse.com.tw/inquiry/info/individual?market=0&companyCode=2423&year=2025&lang=zh-TW,是：永續報告書已出版但確信與查證欄全空、亦未附任何文件，須翻 PDF 附錄複核
2434,統懋,上市,安永聯合會計師事務所,李芳文、邱琬茹,已出版,2026/08/28,否,,,,,否,,,無確信,是,5.9620,794.7070,N/A,,否,,,無確信,無重疊,溫室氣體未確信,永續報告書 https://esggenplus.twse.com.tw/inquiry/report?market=0&year=2025&companyCode=2434&lang=zh-TW　｜溫室氣體 https://esggenplus.twse.com.tw/inquiry/info/individual?market=0&companyCode=2434&year=2025&lang=zh-TW,是：永續報告書已出版但確信與查證欄全空、亦未附任何文件，須翻 PDF 附錄複核
2440,太空梭,上市,安永聯合會計師事務所,王瑄瑄、陳智忠,已出版,2026/08/25,否,,,,,否,,,無確信,是,127.9587,"8,020.6957",N/A,,否,,,無確信,無重疊,溫室氣體未確信,永續報告書 https://esggenplus.twse.com.tw/inquiry/report?market=0&year=2025&companyCode=2440&lang=zh-TW　｜溫室氣體 https://esggenplus.twse.com.tw/inquiry/info/individual?market=0&companyCode=2440&year=2025&lang=zh-TW,是：永續報告書已出版但確信與查證欄全空、亦未附任何文件，須翻 PDF 附錄複核
2449,京元電子,上市,安永聯合會計師事務所,邱琬茹、許新民,已出版,2026/08/28,否,,,,,是,台灣檢驗科技(股)公司(SGS Taiwan Ltd.),AA1000 第1類型(Type1) 中度保證,無確信,是,"10,517.7406","357,859.7093",已完成合併財務報表之母子公司,合理保證等級,是,（未具名）,未具名,無從辨識,無重疊,溫室氣體出具者無從辨識,永續報告書 https://esggenplus.twse.com.tw/inquiry/report?market=0&year=2025&companyCode=2449&lang=zh-TW　｜溫室氣體 https://esggenplus.twse.com.tw/inquiry/info/individual?market=0&companyCode=2449&year=2025&lang=zh-TW,是：溫室氣體確信報告：上傳者為盤查報告書而非確信／查證報告，查證機構未具名
2454,聯發科,上市,安永聯合會計師事務所,許新民、胡慎緁,已出版,2026/08/31,否,,,,,是,BSI 新加坡商英國標準協會集團私人有限公司臺灣分公司,AA1000 第1類型(Type1) 中度保證,無確信,是,"4,701.0000","122,098.0000",已完成合併財務報表之母子公司,合理保證等級,是,台灣衛理國際品保驗證股份有限公司（Bureau Veritas Certification Taiwan）,驗證／查驗機構,否,無重疊,兩線齊備,永續報告書 https://esggenplus.twse.com.tw/inquiry/report?market=0&year=2025&companyCode=2454&lang=zh-TW　｜溫室氣體 https://esggenplus.twse.com.tw/inquiry/info/individual?market=0&companyCode=2454&year=2025&lang=zh-TW,否
2459,敦吉,上市,安永聯合會計師事務所,余倩如、許新民,已出版,2026/08/07,否,,,,,否,,,無確信,是,767.0986,"16,356.0210",N/A,,否,,,無確信,無重疊,溫室氣體未確信,永續報告書 https://esggenplus.twse.com.tw/inquiry/report?market=0&year=2025&companyCode=2459&lang=zh-TW　｜溫室氣體 https://esggenplus.twse.com.tw/inquiry/info/individual?market=0&companyCode=2459&year=2025&lang=zh-TW,是：永續報告書已出版但確信與查證欄全空、亦未附任何文件，須翻 PDF 附錄複核
2472,立隆電,上市,安永聯合會計師事務所,(二余)清淵、羅文振,已出版,2026/08/21,否,,,,,否,,,無確信,是,"2,097.1878","29,312.2923",N/A,,否,,,無確信,無重疊,溫室氣體未確信,永續報告書 https://esggenplus.twse.com.tw/inquiry/report?market=0&year=2025&companyCode=2472&lang=zh-TW　｜溫室氣體 https://esggenplus.twse.com.tw/inquiry/info/individual?market=0&companyCode=2472&year=2025&lang=zh-TW,是：永續報告書已出版但確信與查證欄全空、亦未附任何文件，須翻 PDF 附錄複核
2480,敦陽科,上市,安永聯合會計師事務所,許新民、黃敏如,已出版,2026/08/31,是,安永聯合會計師事務所,確信準則3000號(原公報第一號),有限確信,"永續報告書符合GRI永續性報導準則, 永續會計準則委員會(SASB)之行業指標",否,,,是,是,183.1859,834.5835,"已完成母公司,母公司敦陽科技及子公司敦陽資訊",有限確信,是,勤業眾信聯合會計師事務所,會計師事務所,否,僅永續報告書確信重疊,兩線齊備,永續報告書 https://esggenplus.twse.com.tw/inquiry/report?market=0&year=2025&companyCode=2480&lang=zh-TW　｜溫室氣體 https://esggenplus.twse.com.tw/inquiry/info/individual?market=0&companyCode=2480&year=2025&lang=zh-TW,否
2481,強茂,上市,安永聯合會計師事務所,李芳文、傅文芳,已出版,2026/07/02,否,,,,,是,SGS台灣檢驗科技股份有限公司,AA1000 第1類型(Type1) 中度保證,無確信,是,"1,182.6825","55,927.7285","(1)母公司強茂股份有限公司及其子公司璟茂科技股份有限公司已通過第三方外部查證；
(2)子公司強茂電子(無錫)有限公司排放數據係自行盤查，未經三方外部查證。",合理保證等級,是,台灣檢驗科技股份有限公司（SGS）,驗證／查驗機構,否,無重疊,兩線齊備,永續報告書 https://esggenplus.twse.com.tw/inquiry/report?market=0&year=2025&companyCode=2481&lang=zh-TW　｜溫室氣體 https://esggenplus.twse.com.tw/inquiry/info/individual?market=0&companyCode=2481&year=2025&lang=zh-TW,否
2484,希華,上市,安永聯合會計師事務所,黃靖雅、柯雅婷,已出版,2026/08/19,否,,,,,否,,,無確信,是,544.6010,"12,006.4273",N/A,,否,,,無確信,無重疊,溫室氣體未確信,永續報告書 https://esggenplus.twse.com.tw/inquiry/report?market=0&year=2025&companyCode=2484&lang=zh-TW　｜溫室氣體 https://esggenplus.twse.com.tw/inquiry/info/individual?market=0&companyCode=2484&year=2025&lang=zh-TW,是：永續報告書已出版但確信與查證欄全空、亦未附任何文件，須翻 PDF 附錄複核
2497,怡利電,上市,安永聯合會計師事務所,羅文振、柯雅婷,已出版,2026/08/13,否,,,,,否,,,無確信,是,257.8477,"1,994.9210",N/A,,否,,,無確信,無重疊,溫室氣體未確信,永續報告書 https://esggenplus.twse.com.tw/inquiry/report?market=0&year=2025&companyCode=2497&lang=zh-TW　｜溫室氣體 https://esggenplus.twse.com.tw/inquiry/info/individual?market=0&companyCode=2497&year=2025&lang=zh-TW,是：永續報告書已出版但確信與查證欄全空、亦未附任何文件，須翻 PDF 附錄複核
2504,國產,上市,安永聯合會計師事務所,王瑄瑄、劉慧媛,已出版,2026/08/13,否,,,,,是,法標國際認證股份有限公司,AA1000 第1類型(Type1) 中度保證,無確信,是,"46,110.0000","33,613.0000",已完成合併財務報表之母子公司,合理保證等級,是,立恩威國際驗證股份有限公司（DNV）,驗證／查驗機構,否,無重疊,兩線齊備,永續報告書 https://esggenplus.twse.com.tw/inquiry/report?market=0&year=2025&companyCode=2504&lang=zh-TW　｜溫室氣體 https://esggenplus.twse.com.tw/inquiry/info/individual?market=0&companyCode=2504&year=2025&lang=zh-TW,否
2514,龍邦,上市,安永聯合會計師事務所,黃子評、林素雯,已出版,2026/08/18,否,,,,,否,,,無確信,是,"8,275.5075","13,754.9494",N/A,,否,,,無確信,無重疊,溫室氣體未確信,永續報告書 https://esggenplus.twse.com.tw/inquiry/report?market=0&year=2025&companyCode=2514&lang=zh-TW　｜溫室氣體 https://esggenplus.twse.com.tw/inquiry/info/individual?market=0&companyCode=2514&year=2025&lang=zh-TW,是：永續報告書已出版但確信與查證欄全空、亦未附任何文件，須翻 PDF 附錄複核
2530,華建,上市,安永聯合會計師事務所,林素雯、黃建澤,已出版,2026/08/26,是,安永聯合會計師事務所,ISAE 3000,有限確信,所屬產業之永續指標,否,,,是,是,26.4440,951.7300,"已完成母公司,已完成合併財務報表之母子公司",有限確信,是,安永聯合會計師事務所,會計師事務所,是,兩線皆重疊,兩線齊備,永續報告書 https://esggenplus.twse.com.tw/inquiry/report?market=0&year=2025&companyCode=2530&lang=zh-TW　｜溫室氣體 https://esggenplus.twse.com.tw/inquiry/info/individual?market=0&companyCode=2530&year=2025&lang=zh-TW,否
2538,基泰,上市,安永聯合會計師事務所,林素雯、張巧穎,已出版,2026/08/26,否,,,,,否,,,無確信,是,13.5270,79.9230,N/A,,否,,,無確信,無重疊,溫室氣體未確信,永續報告書 https://esggenplus.twse.com.tw/inquiry/report?market=0&year=2025&companyCode=2538&lang=zh-TW　｜溫室氣體 https://esggenplus.twse.com.tw/inquiry/info/individual?market=0&companyCode=2538&year=2025&lang=zh-TW,是：永續報告書已出版但確信與查證欄全空、亦未附任何文件，須翻 PDF 附錄複核
2637,慧洋-KY,上市,安永聯合會計師事務所,呂倩雯、劉榮進,已出版,2026/07/13,否,,,,,否,,,無確信,是,"17,988.0000",429.0000,已完成合併財務報表之母子公司,有限確信,是,安永聯合會計師事務所,會計師事務所,是,僅溫室氣體確信重疊,兩線齊備,永續報告書 https://esggenplus.twse.com.tw/inquiry/report?market=0&year=2025&companyCode=2637&lang=zh-TW　｜溫室氣體 https://esggenplus.twse.com.tw/inquiry/info/individual?market=0&companyCode=2637&year=2025&lang=zh-TW,是：永續報告書已出版但確信與查證欄全空、亦未附任何文件，須翻 PDF 附錄複核
2646,星宇航空,上市,安永聯合會計師事務所,余倩如、黃子評,已出版,2026/08/27,否,,,,,是,BSI,AA1000 第1類型(Type1) 中度保證,無確信,是,"1,353,050.1604","8,554.5299",已完成母公司,合理保證等級,是,英國標準協會（BSI Taiwan）,驗證／查驗機構,否,無重疊,兩線齊備,永續報告書 https://esggenplus.twse.com.tw/inquiry/report?market=0&year=2025&companyCode=2646&lang=zh-TW　｜溫室氣體 https://esggenplus.twse.com.tw/inquiry/info/individual?market=0&companyCode=2646&year=2025&lang=zh-TW,否
2704,國賓,上市,安永聯合會計師事務所,林素雯、林世寰,已出版,2026/08/25,是,安永聯合會計師事務所,確信準則3000號(原公報第一號),有限確信,"永續報告書符合GRI永續性報導準則, 所屬產業之永續指標, 永續會計準則委員會(SASB)之行業指標",否,,,是,是,"3,054.3230","7,175.8731",N/A,,否,,,無確信,僅永續報告書確信重疊,溫室氣體未確信,永續報告書 https://esggenplus.twse.com.tw/inquiry/report?market=0&year=2025&companyCode=2704&lang=zh-TW　｜溫室氣體 https://esggenplus.twse.com.tw/inquiry/info/individual?market=0&companyCode=2704&year=2025&lang=zh-TW,否
2705,六福,上市,安永聯合會計師事務所,鄭清標、傅文芳,已出版,2026/08/26,是,青山永續聯合會計師事務所,確信準則3000號(原公報第一號),有限確信,永續報告書符合GRI永續性報導準則,否,,,否,是,"6,632.4200","9,602.1060",N/A,,否,,,無確信,無重疊,溫室氣體未確信,永續報告書 https://esggenplus.twse.com.tw/inquiry/report?market=0&year=2025&companyCode=2705&lang=zh-TW　｜溫室氣體 https://esggenplus.twse.com.tw/inquiry/info/individual?market=0&companyCode=2705&year=2025&lang=zh-TW,否
2850,新產,上市,安永聯合會計師事務所,徐榮煌、黃建澤,已出版,2026/08/25,是,青山永續聯合會計師事務所,確信準則3000號(原公報第一號),有限確信,"永續會計準則委員會(SASB)之行業指標, 永續報告書符合GRI永續性報導準則",否,,,否,是,224.0632,"1,435.9374",已完成母公司,合理保證等級,是,亞瑞仕國際驗證股份有限公司（ARES）,驗證／查驗機構,否,無重疊,兩線齊備,永續報告書 https://esggenplus.twse.com.tw/inquiry/report?market=0&year=2025&companyCode=2850&lang=zh-TW　｜溫室氣體 https://esggenplus.twse.com.tw/inquiry/info/individual?market=0&companyCode=2850&year=2025&lang=zh-TW,否
2887,台新新光金,上市,安永聯合會計師事務所,傅文芳、張正道,已出版,2026/07/09,是,KPMG 安侯建業聯合會計師事務所,確信準則3000號(原公報第一號),有限確信,"所屬產業之永續指標, 永續會計準則委員會(SASB)之行業指標, 永續報告書符合GRI永續性報導準則",是,英國標準協會(BSI),AA1000 第2類型(Type2) 中度保證,否,是,"5,121.7402","35,838.9966",已完成合併財務報表之母子公司,合理保證等級,是,英國標準協會（BSI Taiwan）,驗證／查驗機構,否,無重疊,兩線齊備,永續報告書 https://esggenplus.twse.com.tw/inquiry/report?market=0&year=2025&companyCode=2887&lang=zh-TW　｜溫室氣體 https://esggenplus.twse.com.tw/inquiry/info/individual?market=0&companyCode=2887&year=2025&lang=zh-TW,否
2948,寶陞,上櫃,安永聯合會計師事務所,林政緯、陳國帥,已出版,2026/08/17,否,,,,,否,,,無確信,是,242.5104,25.6202,N/A,,否,,,無確信,無重疊,溫室氣體未確信,永續報告書 https://esggenplus.twse.com.tw/inquiry/report?market=1&year=2025&companyCode=2948&lang=zh-TW　｜溫室氣體 https://esggenplus.twse.com.tw/inquiry/info/individual?market=1&companyCode=2948&year=2025&lang=zh-TW,是：永續報告書已出版但確信與查證欄全空、亦未附任何文件，須翻 PDF 附錄複核
2949,欣新網,上櫃,安永聯合會計師事務所,林素雯、張巧穎,已出版,2026/08/31,否,,,,,否,,,無確信,是,7.3472,73.5117,N/A,,否,,,無確信,無重疊,溫室氣體未確信,永續報告書 https://esggenplus.twse.com.tw/inquiry/report?market=1&year=2025&companyCode=2949&lang=zh-TW　｜溫室氣體 https://esggenplus.twse.com.tw/inquiry/info/individual?market=1&companyCode=2949&year=2025&lang=zh-TW,是：永續報告書已出版但確信與查證欄全空、亦未附任何文件，須翻 PDF 附錄複核
3003,健和興,上市,安永聯合會計師事務所,陳明宏、黃宇廷,已出版,2026/08/20,否,,,,,否,,,無確信,是,486.2957,"6,107.3703",N/A,,否,,,無確信,無重疊,溫室氣體未確信,永續報告書 https://esggenplus.twse.com.tw/inquiry/report?market=0&year=2025&companyCode=3003&lang=zh-TW　｜溫室氣體 https://esggenplus.twse.com.tw/inquiry/info/individual?market=0&companyCode=3003&year=2025&lang=zh-TW,是：永續報告書已出版但確信與查證欄全空、亦未附任何文件，須翻 PDF 附錄複核
3014,聯陽,上市,安永聯合會計師事務所,胡慎緁、邱琬茹,已出版,2026/08/05,否,,,,,否,,,無確信,是,114.8441,"1,502.7926",已完成合併財務報表之母子公司,合理保證等級,是,英商勞盛股份有限公司台灣分公司（LRQA）,驗證／查驗機構,否,無重疊,兩線齊備,永續報告書 https://esggenplus.twse.com.tw/inquiry/report?market=0&year=2025&companyCode=3014&lang=zh-TW　｜溫室氣體 https://esggenplus.twse.com.tw/inquiry/info/individual?market=0&companyCode=3014&year=2025&lang=zh-TW,是：永續報告書已出版但確信與查證欄全空、亦未附任何文件，須翻 PDF 附錄複核
3017,奇鋐,上市,安永聯合會計師事務所,李芳文、洪國森,已出版,2026/08/28,否,,,,,否,,,無確信,是,"7,025.0000","7,025.0000",合併財務報表之母子公司(不含富世達及其子公司),有限確信,是,安永聯合會計師事務所,會計師事務所,是,僅溫室氣體確信重疊,兩線齊備,永續報告書 https://esggenplus.twse.com.tw/inquiry/report?market=0&year=2025&companyCode=3017&lang=zh-TW　｜溫室氣體 https://esggenplus.twse.com.tw/inquiry/info/individual?market=0&companyCode=3017&year=2025&lang=zh-TW,是：永續報告書已出版但確信與查證欄全空、亦未附任何文件，須翻 PDF 附錄複核；溫室氣體確信報告：確信報告載明範疇一部分排放量係依據其他查驗機構之查證聲明書，非全數由安永確信
3023,信邦,上市,安永聯合會計師事務所,羅文振、陳明宏,已出版,2026/08/28,是,安永聯合會計師事務所,確信準則3000號(原公報第一號),有限確信,永續報告書符合GRI永續性報導準則,否,,,是,是,"1,771.3000","15,335.4200","已完成母公司,涵蓋母公司100%持股之主要營運據點，並納入具實質營運之合併財報子公司太康精密股份有限公司及睿信電子股份有限公司",合理保證等級,是,台灣德國萊因技術監護顧問股份有限公司（TÜV Rheinland）,驗證／查驗機構,否,僅永續報告書確信重疊,兩線齊備,永續報告書 https://esggenplus.twse.com.tw/inquiry/report?market=0&year=2025&companyCode=3023&lang=zh-TW　｜溫室氣體 https://esggenplus.twse.com.tw/inquiry/info/individual?market=0&companyCode=3023&year=2025&lang=zh-TW,否
3034,聯詠,上市,安永聯合會計師事務所,黃敏如、邱婉茹,已出版,2026/06/30,否,,,,,是,新加坡商英國標準協會集團私人有限公司臺灣分公司,AA1000 第1類型(Type1) 中度保證,無確信,是,868.0235,"16,015.3549",已完成合併財務報表之母子公司,合理保證等級,是,英商勞盛股份有限公司台灣分公司（LRQA）,驗證／查驗機構,否,無重疊,兩線齊備,永續報告書 https://esggenplus.twse.com.tw/inquiry/report?market=0&year=2025&companyCode=3034&lang=zh-TW　｜溫室氣體 https://esggenplus.twse.com.tw/inquiry/info/individual?market=0&companyCode=3034&year=2025&lang=zh-TW,否
3035,智原,上市,安永聯合會計師事務所,胡慎緁、楊雨霓,已出版,2026/07/30,否,,,,,是,台灣檢驗科技股份有限公司(簡稱SGS),AA1000 第2類型(Type2) 中度保證,無確信,是,693.2620,"3,348.0670",已完成合併財務報表之母子公司,"母公司：合理保證等級
子公司：有限保證等級",是,台灣檢驗科技股份有限公司（SGS）,驗證／查驗機構,否,無重疊,兩線齊備,永續報告書 https://esggenplus.twse.com.tw/inquiry/report?market=0&year=2025&companyCode=3035&lang=zh-TW　｜溫室氣體 https://esggenplus.twse.com.tw/inquiry/info/individual?market=0&companyCode=3035&year=2025&lang=zh-TW,否
3041,揚智,上市,安永聯合會計師事務所,林秀青、呂倩雯,已出版,2026/08/31,否,,,,,否,,,無確信,是,9.2714,881.0514,N/A,,否,,,無確信,無重疊,溫室氣體未確信,永續報告書 https://esggenplus.twse.com.tw/inquiry/report?market=0&year=2025&companyCode=3041&lang=zh-TW　｜溫室氣體 https://esggenplus.twse.com.tw/inquiry/info/individual?market=0&companyCode=3041&year=2025&lang=zh-TW,是：永續報告書已出版但確信與查證欄全空、亦未附任何文件，須翻 PDF 附錄複核
3050,鈺德,上市,安永聯合會計師事務所,謝勝安、邱琬茹,已出版,2026/08/10,否,,,,,否,,,無確信,是,108.0760,"5,534.6140",N/A,,否,,,無確信,無重疊,溫室氣體未確信,永續報告書 https://esggenplus.twse.com.tw/inquiry/report?market=0&year=2025&companyCode=3050&lang=zh-TW　｜溫室氣體 https://esggenplus.twse.com.tw/inquiry/info/individual?market=0&companyCode=3050&year=2025&lang=zh-TW,是：永續報告書已出版但確信與查證欄全空、亦未附任何文件，須翻 PDF 附錄複核
3064,泰偉,上櫃,安永聯合會計師事務所,楊弘斌、徐榮煌,已出版,2026/08/14,否,,,,,否,,,無確信,否,,,,,不適用,,,不適用,無重疊,未申報溫室氣體,永續報告書 https://esggenplus.twse.com.tw/inquiry/report?market=1&year=2025&companyCode=3064&lang=zh-TW　｜溫室氣體 https://esggenplus.twse.com.tw/inquiry/info/individual?market=1&companyCode=3064&year=2025&lang=zh-TW,是：永續報告書已出版但確信與查證欄全空、亦未附任何文件，須翻 PDF 附錄複核
3071,協禧,上櫃,安永聯合會計師事務所,李芳文、姚世傑,已出版,2026/08/25,否,,,,,否,,,無確信,是,136.9500,"2,759.2500",N/A,,否,,,無確信,無重疊,溫室氣體未確信,永續報告書 https://esggenplus.twse.com.tw/inquiry/report?market=1&year=2025&companyCode=3071&lang=zh-TW　｜溫室氣體 https://esggenplus.twse.com.tw/inquiry/info/individual?market=1&companyCode=3071&year=2025&lang=zh-TW,是：永續報告書已出版但確信與查證欄全空、亦未附任何文件，須翻 PDF 附錄複核
3093,港建*,上櫃,安永聯合會計師事務所,張志銘、楊弘斌,已出版,2026/08/28,否,,,,,否,,,無確信,是,182.1089,294.7940,N/A,,否,,,無確信,無重疊,溫室氣體未確信,永續報告書 https://esggenplus.twse.com.tw/inquiry/report?market=1&year=2025&companyCode=3093&lang=zh-TW　｜溫室氣體 https://esggenplus.twse.com.tw/inquiry/info/individual?market=1&companyCode=3093&year=2025&lang=zh-TW,是：永續報告書已出版但確信與查證欄全空、亦未附任何文件，須翻 PDF 附錄複核
3114,好德,上櫃,安永聯合會計師事務所,張巧穎、張志銘,已出版,2026/08/12,否,,,,,否,,,無確信,是,16.9175,69.5773,N/A,,否,,,無確信,無重疊,溫室氣體未確信,永續報告書 https://esggenplus.twse.com.tw/inquiry/report?market=1&year=2025&companyCode=3114&lang=zh-TW　｜溫室氣體 https://esggenplus.twse.com.tw/inquiry/info/individual?market=1&companyCode=3114&year=2025&lang=zh-TW,是：永續報告書已出版但確信與查證欄全空、亦未附任何文件，須翻 PDF 附錄複核
3150,鈺寶-創,上市,安永聯合會計師事務所,楊雨霓、黃敏如,已出版,2026/08/07,否,,,,,否,,,無確信,是,5.7669,167.9991,N/A,,否,,,無確信,無重疊,溫室氣體未確信,永續報告書 https://esggenplus.twse.com.tw/inquiry/report?market=0&year=2025&companyCode=3150&lang=zh-TW　｜溫室氣體 https://esggenplus.twse.com.tw/inquiry/info/individual?market=0&companyCode=3150&year=2025&lang=zh-TW,是：永續報告書已出版但確信與查證欄全空、亦未附任何文件，須翻 PDF 附錄複核
3167,大量,上市,安永聯合會計師事務所,張志銘、羅筱靖,已出版,2026/08/26,否,,,,,否,,,無確信,是,69.3672,541.8323,N/A,,否,,,無確信,無重疊,溫室氣體未確信,永續報告書 https://esggenplus.twse.com.tw/inquiry/report?market=0&year=2025&companyCode=3167&lang=zh-TW　｜溫室氣體 https://esggenplus.twse.com.tw/inquiry/info/individual?market=0&companyCode=3167&year=2025&lang=zh-TW,是：永續報告書已出版但確信與查證欄全空、亦未附任何文件，須翻 PDF 附錄複核
3171,炎洲流通,上櫃,安永聯合會計師事務所,劉榮進、謝勝安,已出版,2026/08/04,否,,,,,否,,,無確信,是,4.0398,21.9548,N/A,,否,,,無確信,無重疊,溫室氣體未確信,永續報告書 https://esggenplus.twse.com.tw/inquiry/report?market=1&year=2025&companyCode=3171&lang=zh-TW　｜溫室氣體 https://esggenplus.twse.com.tw/inquiry/info/individual?market=1&companyCode=3171&year=2025&lang=zh-TW,是：永續報告書已出版但確信與查證欄全空、亦未附任何文件，須翻 PDF 附錄複核
3176,基亞,上櫃,安永聯合會計師事務所,郭紹彬、余倩如,已出版,2026/08/25,否,,,,,否,,,無確信,是,4.3896,51.0787,N/A,,否,,,無確信,無重疊,溫室氣體未確信,永續報告書 https://esggenplus.twse.com.tw/inquiry/report?market=1&year=2025&companyCode=3176&lang=zh-TW　｜溫室氣體 https://esggenplus.twse.com.tw/inquiry/info/individual?market=1&companyCode=3176&year=2025&lang=zh-TW,是：永續報告書已出版但確信與查證欄全空、亦未附任何文件，須翻 PDF 附錄複核
3189,景碩,上市,安永聯合會計師事務所,張志銘、陳國帥,已出版,2026/08/10,否,,,,,是,英國標準協會(BSI),AA1000 第1類型(Type1) 中度保證,無確信,是,"14,994.1581","274,943.4440",已完成母公司,合理保證等級,是,立恩威國際驗證股份有限公司（DNV）,驗證／查驗機構,否,無重疊,兩線齊備,永續報告書 https://esggenplus.twse.com.tw/inquiry/report?market=0&year=2025&companyCode=3189&lang=zh-TW　｜溫室氣體 https://esggenplus.twse.com.tw/inquiry/info/individual?market=0&companyCode=3189&year=2025&lang=zh-TW,否
3227,原相,上櫃,安永聯合會計師事務所,楊雨霓、邱琬茹,已出版,2026/08/27,否,,,,,是,英國標準協會(BSI),AA1000 第1類型(Type1) 中度保證,無確信,是,116.8780,"1,726.8824",已完成母公司,合理保證等級,是,台灣德國北德技術監護顧問股份有限公司（TÜV NORD）,驗證／查驗機構,否,無重疊,兩線齊備,永續報告書 https://esggenplus.twse.com.tw/inquiry/report?market=1&year=2025&companyCode=3227&lang=zh-TW　｜溫室氣體 https://esggenplus.twse.com.tw/inquiry/info/individual?market=1&companyCode=3227&year=2025&lang=zh-TW,否
3230,錦明,上櫃,安永聯合會計師事務所,邱琬茹、黃靖雅,已出版,2026/08/25,是,揚智聯合會計師事務所,確信準則3000號(原公報第一號),有限確信,永續報告書符合GRI永續性報導準則,否,,,否,是,24.4160,35.2994,已完成母公司,合理保證等級,否,,,無確信,無重疊,溫室氣體未確信,永續報告書 https://esggenplus.twse.com.tw/inquiry/report?market=1&year=2025&companyCode=3230&lang=zh-TW　｜溫室氣體 https://esggenplus.twse.com.tw/inquiry/info/individual?market=1&companyCode=3230&year=2025&lang=zh-TW,否
3257,虹冠電,上市,安永聯合會計師事務所,李芳文、傅文芳,已出版,2026/08/25,否,,,,,否,,,無確信,是,12.4246,527.6208,N/A,,否,,,無確信,無重疊,溫室氣體未確信,永續報告書 https://esggenplus.twse.com.tw/inquiry/report?market=0&year=2025&companyCode=3257&lang=zh-TW　｜溫室氣體 https://esggenplus.twse.com.tw/inquiry/info/individual?market=0&companyCode=3257&year=2025&lang=zh-TW,是：永續報告書已出版但確信與查證欄全空、亦未附任何文件，須翻 PDF 附錄複核
3284,太普高,上櫃,安永聯合會計師事務所,洪國森、陳政初,已出版,2026/08/26,否,,,,,否,,,無確信,是,84.5867,"3,319.9259",N/A,,否,,,無確信,無重疊,溫室氣體未確信,永續報告書 https://esggenplus.twse.com.tw/inquiry/report?market=1&year=2025&companyCode=3284&lang=zh-TW　｜溫室氣體 https://esggenplus.twse.com.tw/inquiry/info/individual?market=1&companyCode=3284&year=2025&lang=zh-TW,是：永續報告書已出版但確信與查證欄全空、亦未附任何文件，須翻 PDF 附錄複核
3287,廣寰科,上櫃,安永聯合會計師事務所,王慕凡、林素雯,已出版,2026/08/19,否,,,,,否,,,無確信,是,13.6352,55.8464,N/A,,否,,,無確信,無重疊,溫室氣體未確信,永續報告書 https://esggenplus.twse.com.tw/inquiry/report?market=1&year=2025&companyCode=3287&lang=zh-TW　｜溫室氣體 https://esggenplus.twse.com.tw/inquiry/info/individual?market=1&companyCode=3287&year=2025&lang=zh-TW,是：永續報告書已出版但確信與查證欄全空、亦未附任何文件，須翻 PDF 附錄複核
3303,岱稜,上櫃,安永聯合會計師事務所,胡子仁、姚世傑,已出版,2026/08/31,否,,,,,是,台灣德國北德技術監護顧問股份有限公司,AA1000 第1類型(Type1) 中度保證,無確信,是,"20,154.1891","12,729.9785","已完成母公司,含子公司-岱鑫科技股份有限公司",合理保證等級,是,台灣德國北德技術監護顧問股份有限公司（TÜV NORD）,驗證／查驗機構,否,無重疊,兩線齊備,永續報告書 https://esggenplus.twse.com.tw/inquiry/report?market=1&year=2025&companyCode=3303&lang=zh-TW　｜溫室氣體 https://esggenplus.twse.com.tw/inquiry/info/individual?market=1&companyCode=3303&year=2025&lang=zh-TW,否
3406,玉晶光,上市,安永聯合會計師事務所,賴書晨、黃子評,已出版,2026/08/12,否,,,,,否,,,無確信,是,254.5400,"7,639.5213",N/A,,否,,,無確信,無重疊,溫室氣體未確信,永續報告書 https://esggenplus.twse.com.tw/inquiry/report?market=0&year=2025&companyCode=3406&lang=zh-TW　｜溫室氣體 https://esggenplus.twse.com.tw/inquiry/info/individual?market=0&companyCode=3406&year=2025&lang=zh-TW,是：永續報告書已出版但確信與查證欄全空、亦未附任何文件，須翻 PDF 附錄複核
3416,融程電,上市,安永聯合會計師事務所,鄭清標、傅文芳,已出版,2026/08/28,是,思享永續聯合會計師事務所,確信準則3000號(原公報第一號),有限確信,永續會計準則委員會(SASB)之行業指標,否,,,否,是,72.0202,872.1222,已完成合併財務報表之母子公司,有限確信,是,思享永續聯合會計師事務所,會計師事務所,否,無重疊,兩線齊備,永續報告書 https://esggenplus.twse.com.tw/inquiry/report?market=0&year=2025&companyCode=3416&lang=zh-TW　｜溫室氣體 https://esggenplus.twse.com.tw/inquiry/info/individual?market=0&companyCode=3416&year=2025&lang=zh-TW,否
3504,揚明光,上市,安永聯合會計師事務所,邱琬茹、黃敏如,已出版,2026/08/07,否,,,,,否,,,無確信,是,898.4928,"9,955.3872",已完成母公司,合理保證等級,是,法標國際驗證股份有限公司（AFNOR ASIA）,驗證／查驗機構,否,無重疊,兩線齊備,永續報告書 https://esggenplus.twse.com.tw/inquiry/report?market=0&year=2025&companyCode=3504&lang=zh-TW　｜溫室氣體 https://esggenplus.twse.com.tw/inquiry/info/individual?market=0&companyCode=3504&year=2025&lang=zh-TW,是：永續報告書已出版但確信與查證欄全空、亦未附任何文件，須翻 PDF 附錄複核
3511,矽瑪,上櫃,安永聯合會計師事務所,陳國帥、林政緯,已出版,2026/07/28,否,,,,,是,格瑞國際驗證有限公司,AA1000 第1類型(Type1) 中度保證,無確信,是,230.6957,"2,758.4622",已完成合併財務報表之母子公司,有限保證等級,是,（下載失敗，無從辨識）,未具名,無從辨識,無重疊,溫室氣體出具者無從辨識,永續報告書 https://esggenplus.twse.com.tw/inquiry/report?market=1&year=2025&companyCode=3511&lang=zh-TW　｜溫室氣體 https://esggenplus.twse.com.tw/inquiry/info/individual?market=1&companyCode=3511&year=2025&lang=zh-TW,是：溫室氣體確信報告檔下載失敗，出具者無從辨識
3515,華擎,上市,安永聯合會計師事務所,余倩如、王瑄瑄,已出版,2026/08/26,否,,,,,是,台灣德國北德技術監護顧問股份有限公司,AA1000 第1類型(Type1) 中度保證,無確信,是,87.1160,"2,109.8950",已完成合併財務報表之母子公司,合理保證等級,是,立恩威國際驗證股份有限公司（DNV）,驗證／查驗機構,否,無重疊,兩線齊備,永續報告書 https://esggenplus.twse.com.tw/inquiry/report?market=0&year=2025&companyCode=3515&lang=zh-TW　｜溫室氣體 https://esggenplus.twse.com.tw/inquiry/info/individual?market=0&companyCode=3515&year=2025&lang=zh-TW,是：溫室氣體確信報告：上傳者為母集團和碩（PEGATRON CORPORATION AND SUBSIDIARIES）之查驗意見，附錄A 所列 22 個場址均不含華擎本身，查驗範圍未涵蓋申報公司
3516,亞帝歐,上櫃,安永聯合會計師事務所,林政緯、羅筱靖,已出版,2026/08/27,否,,,,,否,,,無確信,是,111.5384,322.4664,已完成母公司,合理保證等級,是,格瑞國際驗證有限公司,驗證／查驗機構,否,無重疊,兩線齊備,永續報告書 https://esggenplus.twse.com.tw/inquiry/report?market=1&year=2025&companyCode=3516&lang=zh-TW　｜溫室氣體 https://esggenplus.twse.com.tw/inquiry/info/individual?market=1&companyCode=3516&year=2025&lang=zh-TW,是：永續報告書已出版但確信與查證欄全空、亦未附任何文件，須翻 PDF 附錄複核
3523,迎輝,上櫃,安永聯合會計師事務所,姚世傑、洪國森,已出版,2026/08/25,否,,,,,否,,,無確信,是,13.1300,"1,288.5000",N/A,,否,,,無確信,無重疊,溫室氣體未確信,永續報告書 https://esggenplus.twse.com.tw/inquiry/report?market=1&year=2025&companyCode=3523&lang=zh-TW　｜溫室氣體 https://esggenplus.twse.com.tw/inquiry/info/individual?market=1&companyCode=3523&year=2025&lang=zh-TW,是：永續報告書已出版但確信與查證欄全空、亦未附任何文件，須翻 PDF 附錄複核
3528,安馳,上市,安永聯合會計師事務所,張正道、楊弘斌,已出版,2026/07/16,否,,,,,否,,,無確信,是,298.7946,153.0144,N/A,,否,,,無確信,無重疊,溫室氣體未確信,永續報告書 https://esggenplus.twse.com.tw/inquiry/report?market=0&year=2025&companyCode=3528&lang=zh-TW　｜溫室氣體 https://esggenplus.twse.com.tw/inquiry/info/individual?market=0&companyCode=3528&year=2025&lang=zh-TW,是：永續報告書已出版但確信與查證欄全空、亦未附任何文件，須翻 PDF 附錄複核
3557,嘉威,上市,安永聯合會計師事務所,洪國森、姚世傑,已出版,2026/08/31,否,,,,,否,,,無確信,是,566.6800,"22,031.3200",N/A,,否,,,無確信,無重疊,溫室氣體未確信,永續報告書 https://esggenplus.twse.com.tw/inquiry/report?market=0&year=2025&companyCode=3557&lang=zh-TW　｜溫室氣體 https://esggenplus.twse.com.tw/inquiry/info/individual?market=0&companyCode=3557&year=2025&lang=zh-TW,是：永續報告書已出版但確信與查證欄全空、亦未附任何文件，須翻 PDF 附錄複核
3615,安可,上櫃,安永聯合會計師事務所,謝勝安、邱琬茹,已出版,2026/08/13,否,,,,,否,,,無確信,是,114.5799,"3,307.5810",N/A,,否,,,無確信,無重疊,溫室氣體未確信,永續報告書 https://esggenplus.twse.com.tw/inquiry/report?market=1&year=2025&companyCode=3615&lang=zh-TW　｜溫室氣體 https://esggenplus.twse.com.tw/inquiry/info/individual?market=1&companyCode=3615&year=2025&lang=zh-TW,是：永續報告書已出版但確信與查證欄全空、亦未附任何文件，須翻 PDF 附錄複核
3629,地心引力,上櫃,安永聯合會計師事務所,王慕凡、張巧穎,已出版,2026/08/31,否,,,,,否,,,無確信,否,,,,,不適用,,,不適用,無重疊,未申報溫室氣體,永續報告書 https://esggenplus.twse.com.tw/inquiry/report?market=1&year=2025&companyCode=3629&lang=zh-TW　｜溫室氣體 https://esggenplus.twse.com.tw/inquiry/info/individual?market=1&companyCode=3629&year=2025&lang=zh-TW,是：永續報告書已出版但確信與查證欄全空、亦未附任何文件，須翻 PDF 附錄複核
3652,精聯,上市,安永聯合會計師事務所,胡慎緁、郭紹彬,已出版,2026/08/27,否,,,,,是,法標國際認證股份有限公司(AFNOR ASIA LTD.),AA1000 第1類型(Type1) 中度保證,無確信,是,219.2115,494.6856,已完成母公司,合理保證等級,是,法標國際驗證股份有限公司（AFNOR ASIA）,驗證／查驗機構,否,無重疊,兩線齊備,永續報告書 https://esggenplus.twse.com.tw/inquiry/report?market=0&year=2025&companyCode=3652&lang=zh-TW　｜溫室氣體 https://esggenplus.twse.com.tw/inquiry/info/individual?market=0&companyCode=3652&year=2025&lang=zh-TW,否
3664,安瑞-KY,上櫃,安永聯合會計師事務所,王瑄瑄、林秀青,已出版,2026/08/31,否,,,,,否,,,無確信,是,0.0000,17.3160,N/A,,否,,,無確信,無重疊,溫室氣體未確信,永續報告書 https://esggenplus.twse.com.tw/inquiry/report?market=1&year=2025&companyCode=3664&lang=zh-TW　｜溫室氣體 https://esggenplus.twse.com.tw/inquiry/info/individual?market=1&companyCode=3664&year=2025&lang=zh-TW,是：永續報告書已出版但確信與查證欄全空、亦未附任何文件，須翻 PDF 附錄複核
3685,元創精密,上櫃,安永聯合會計師事務所,賴書晨、黃宇廷,已出版,2026/08/31,否,,,,,否,,,無確信,是,304.0001,"2,957.0670","已完成母公司,中華民國子公司(坦德科技)及中華人民共和國子公司(襄陽元創.湖南寶元.河南寶合元)",有限確信,是,嘉威聯合會計師事務所,會計師事務所,否,無重疊,兩線齊備,永續報告書 https://esggenplus.twse.com.tw/inquiry/report?market=1&year=2025&companyCode=3685&lang=zh-TW　｜溫室氣體 https://esggenplus.twse.com.tw/inquiry/info/individual?market=1&companyCode=3685&year=2025&lang=zh-TW,是：永續報告書已出版但確信與查證欄全空、亦未附任何文件，須翻 PDF 附錄複核
3715,定穎投控,上市,安永聯合會計師事務所,羅筱靖、張志銘,已出版,2026/08/27,是,安永聯合會計師事務所,確信準則3000號(原公報第一號),有限確信,永續報告書符合GRI永續性報導準則,否,,,是,是,"35,857.8100","174,912.3214",已完成合併財務報表之母子公司,合理保證等級,是,DQS Taiwan Inc.,驗證／查驗機構,否,僅永續報告書確信重疊,兩線齊備,永續報告書 https://esggenplus.twse.com.tw/inquiry/report?market=0&year=2025&companyCode=3715&lang=zh-TW　｜溫室氣體 https://esggenplus.twse.com.tw/inquiry/info/individual?market=0&companyCode=3715&year=2025&lang=zh-TW,否
4108,懷特,上市,安永聯合會計師事務所,王彥鈞、余倩如,已出版,2026/08/04,否,,,,,否,,,無確信,是,483.3450,"1,249.3134",N/A,,否,,,無確信,無重疊,溫室氣體未確信,永續報告書 https://esggenplus.twse.com.tw/inquiry/report?market=0&year=2025&companyCode=4108&lang=zh-TW　｜溫室氣體 https://esggenplus.twse.com.tw/inquiry/info/individual?market=0&companyCode=4108&year=2025&lang=zh-TW,是：永續報告書已出版但確信與查證欄全空、亦未附任何文件，須翻 PDF 附錄複核
4111,濟生,上櫃,安永聯合會計師事務所,胡慎緁、楊雨霓,已出版,2026/08/26,否,,,,,否,,,無確信,是,"2,735.8000","3,739.2000",N/A,,否,,,無確信,無重疊,溫室氣體未確信,永續報告書 https://esggenplus.twse.com.tw/inquiry/report?market=1&year=2025&companyCode=4111&lang=zh-TW　｜溫室氣體 https://esggenplus.twse.com.tw/inquiry/info/individual?market=1&companyCode=4111&year=2025&lang=zh-TW,是：永續報告書已出版但確信與查證欄全空、亦未附任何文件，須翻 PDF 附錄複核
4129,聯合,上櫃,安永聯合會計師事務所,林世寰、徐榮煌,已出版,2026/08/18,是,安永聯合會計師事務所,確信準則3000號(原公報第一號),有限確信,永續報告書符合GRI永續性報導準則,否,,,是,是,208.9155,"4,504.3830","已完成母公司,冠亞生技股份有限公司",合理保證等級,是,英商勞盛股份有限公司台灣分公司（LRQA）,驗證／查驗機構,否,僅永續報告書確信重疊,兩線齊備,永續報告書 https://esggenplus.twse.com.tw/inquiry/report?market=1&year=2025&companyCode=4129&lang=zh-TW　｜溫室氣體 https://esggenplus.twse.com.tw/inquiry/info/individual?market=1&companyCode=4129&year=2025&lang=zh-TW,否
4139,馬光-KY,上櫃,安永聯合會計師事務所,陳政初、姚世傑,已出版,2026/08/26,否,,,,,否,,,無確信,是,8.5650,6.5100,N/A,,否,,,無確信,無重疊,溫室氣體未確信,永續報告書 https://esggenplus.twse.com.tw/inquiry/report?market=1&year=2025&companyCode=4139&lang=zh-TW　｜溫室氣體 https://esggenplus.twse.com.tw/inquiry/info/individual?market=1&companyCode=4139&year=2025&lang=zh-TW,是：永續報告書已出版但確信與查證欄全空、亦未附任何文件，須翻 PDF 附錄複核
4188,安克,上櫃,安永聯合會計師事務所,王彥鈞、余倩如,已出版,2026/08/06,否,,,,,否,,,無確信,是,0.0000,19.8455,N/A,,否,,,無確信,無重疊,溫室氣體未確信,永續報告書 https://esggenplus.twse.com.tw/inquiry/report?market=1&year=2025&companyCode=4188&lang=zh-TW　｜溫室氣體 https://esggenplus.twse.com.tw/inquiry/info/individual?market=1&companyCode=4188&year=2025&lang=zh-TW,是：永續報告書已出版但確信與查證欄全空、亦未附任何文件，須翻 PDF 附錄複核
4306,炎洲,上市,安永聯合會計師事務所,劉榮進、謝勝安,已出版,2026/08/27,否,,,,,否,,,無確信,是,"80,834.8771","62,070.9513",N/A,,否,,,無確信,無重疊,溫室氣體未確信,永續報告書 https://esggenplus.twse.com.tw/inquiry/report?market=0&year=2025&companyCode=4306&lang=zh-TW　｜溫室氣體 https://esggenplus.twse.com.tw/inquiry/info/individual?market=0&companyCode=4306&year=2025&lang=zh-TW,是：永續報告書已出版但確信與查證欄全空、亦未附任何文件，須翻 PDF 附錄複核
4503,金雨,上櫃,安永聯合會計師事務所,黃靖雅、黃子評,已出版,2026/08/18,否,,,,,否,,,無確信,是,388.1274,632.2811,N/A,,否,,,無確信,無重疊,溫室氣體未確信,永續報告書 https://esggenplus.twse.com.tw/inquiry/report?market=1&year=2025&companyCode=4503&lang=zh-TW　｜溫室氣體 https://esggenplus.twse.com.tw/inquiry/info/individual?market=1&companyCode=4503&year=2025&lang=zh-TW,是：永續報告書已出版但確信與查證欄全空、亦未附任何文件，須翻 PDF 附錄複核
4506,崇友,上櫃,安永聯合會計師事務所,徐榮煌、劉榮進,已出版,2026/08/31,否,,,,,否,,,無確信,是,385.7391,"1,026.0116",已完成合併財務報表之母子公司,有限確信,是,嘉威聯合會計師事務所,會計師事務所,否,無重疊,兩線齊備,永續報告書 https://esggenplus.twse.com.tw/inquiry/report?market=1&year=2025&companyCode=4506&lang=zh-TW　｜溫室氣體 https://esggenplus.twse.com.tw/inquiry/info/individual?market=1&companyCode=4506&year=2025&lang=zh-TW,是：永續報告書已出版但確信與查證欄全空、亦未附任何文件，須翻 PDF 附錄複核
4513,福裕,上櫃,安永聯合會計師事務所,陳政初、洪國森,已出版,2026/08/12,否,,,,,否,,,無確信,是,85.6976,625.5179,N/A,,否,,,無確信,無重疊,溫室氣體未確信,永續報告書 https://esggenplus.twse.com.tw/inquiry/report?market=1&year=2025&companyCode=4513&lang=zh-TW　｜溫室氣體 https://esggenplus.twse.com.tw/inquiry/info/individual?market=1&companyCode=4513&year=2025&lang=zh-TW,是：永續報告書已出版但確信與查證欄全空、亦未附任何文件，須翻 PDF 附錄複核
4523,永彰,上櫃,安永聯合會計師事務所,王慕凡、黃建澤,已出版,2026/08/31,是,建昇財稅聯合會計師事務所,ISAE 3000,有限確信,永續報告書符合GRI永續性報導準則,否,,,否,是,213.7632,423.4175,N/A,,否,,,無確信,無重疊,溫室氣體未確信,永續報告書 https://esggenplus.twse.com.tw/inquiry/report?market=1&year=2025&companyCode=4523&lang=zh-TW　｜溫室氣體 https://esggenplus.twse.com.tw/inquiry/info/individual?market=1&companyCode=4523&year=2025&lang=zh-TW,否
4528,江興鍛,上櫃,安永聯合會計師事務所,黃宇廷、陳明宏,已出版,2026/08/10,是,安永聯合會計師事務所,確信準則3000號(原公報第一號),有限確信,永續報告書符合GRI永續性報導準則,否,,,是,是,"1,836.6490","8,291.0760",已完成母公司,有限確信,否,,,無確信,僅永續報告書確信重疊,溫室氣體未確信,永續報告書 https://esggenplus.twse.com.tw/inquiry/report?market=1&year=2025&companyCode=4528&lang=zh-TW　｜溫室氣體 https://esggenplus.twse.com.tw/inquiry/info/individual?market=1&companyCode=4528&year=2025&lang=zh-TW,否
4534,慶騰,上櫃,安永聯合會計師事務所,陳國帥、鄭清標,已出版,2026/08/14,否,,,,,否,,,無確信,是,397.0412,"4,330.2490",N/A,,否,,,無確信,無重疊,溫室氣體未確信,永續報告書 https://esggenplus.twse.com.tw/inquiry/report?market=1&year=2025&companyCode=4534&lang=zh-TW　｜溫室氣體 https://esggenplus.twse.com.tw/inquiry/info/individual?market=1&companyCode=4534&year=2025&lang=zh-TW,是：永續報告書已出版但確信與查證欄全空、亦未附任何文件，須翻 PDF 附錄複核
4543,萬在,上櫃,安永聯合會計師事務所,姚世傑、洪國森,已出版,2026/08/28,否,,,,,否,,,無確信,是,335.6700,"2,611.5000",N/A,,否,,,無確信,無重疊,溫室氣體未確信,永續報告書 https://esggenplus.twse.com.tw/inquiry/report?market=1&year=2025&companyCode=4543&lang=zh-TW　｜溫室氣體 https://esggenplus.twse.com.tw/inquiry/info/individual?market=1&companyCode=4543&year=2025&lang=zh-TW,是：永續報告書已出版但確信與查證欄全空、亦未附任何文件，須翻 PDF 附錄複核
4554,橙的,上櫃,安永聯合會計師事務所,賴書晨、柯雅婷,已出版,2026/08/27,否,,,,,否,,,無確信,是,102.3987,308.9331,N/A,,否,,,無確信,無重疊,溫室氣體未確信,永續報告書 https://esggenplus.twse.com.tw/inquiry/report?market=1&year=2025&companyCode=4554&lang=zh-TW　｜溫室氣體 https://esggenplus.twse.com.tw/inquiry/info/individual?market=1&companyCode=4554&year=2025&lang=zh-TW,是：永續報告書已出版但確信與查證欄全空、亦未附任何文件，須翻 PDF 附錄複核
4566,時碩工業,上市,安永聯合會計師事務所,鄭清標、傅文芳,已出版,2026/08/14,是,國富浩華聯合會計師事務所,確信準則3000號(原公報第一號),有限確信,"永續報告書符合GRI永續性報導準則, 永續會計準則委員會(SASB)之行業指標, 所屬產業之永續指標",否,,,否,是,552.4857,"15,990.7247","已完成母公司,子公司時碩科技股份有限公司、時碩科技(無錫)有限公司、時碩科技(西安)有限公司、時碩科技金屬製造(陝西)有限公司。",合理保證等級,是,英國標準協會（BSI Taiwan）,驗證／查驗機構,否,無重疊,兩線齊備,永續報告書 https://esggenplus.twse.com.tw/inquiry/report?market=0&year=2025&companyCode=4566&lang=zh-TW　｜溫室氣體 https://esggenplus.twse.com.tw/inquiry/info/individual?market=0&companyCode=4566&year=2025&lang=zh-TW,否
4716,大立,上櫃,安永聯合會計師事務所,洪國森、陳政初,已出版,2026/08/26,是,青山永續聯合會計師事務所,確信準則3000號(原公報第一號),有限確信,"永續報告書符合GRI永續性報導準則, 所屬產業之永續指標",否,,,否,是,"1,339.3700","1,024.5700",N/A,,否,,,無確信,無重疊,溫室氣體未確信,永續報告書 https://esggenplus.twse.com.tw/inquiry/report?market=1&year=2025&companyCode=4716&lang=zh-TW　｜溫室氣體 https://esggenplus.twse.com.tw/inquiry/info/individual?market=1&companyCode=4716&year=2025&lang=zh-TW,否
4729,熒茂,上櫃,安永聯合會計師事務所,李芳文、姚世傑,已出版,2026/08/31,否,,,,,否,,,無確信,是,427.4069,"4,609.9986",N/A,,否,,,無確信,無重疊,溫室氣體未確信,永續報告書 https://esggenplus.twse.com.tw/inquiry/report?market=1&year=2025&companyCode=4729&lang=zh-TW　｜溫室氣體 https://esggenplus.twse.com.tw/inquiry/info/individual?market=1&companyCode=4729&year=2025&lang=zh-TW,是：永續報告書已出版但確信與查證欄全空、亦未附任何文件，須翻 PDF 附錄複核
4747,強生製藥,上櫃,安永聯合會計師事務所,張志銘、馬君廷,已出版,2026/08/21,否,,,,,否,,,無確信,是,270.1232,"1,093.0683",N/A,,否,,,無確信,無重疊,溫室氣體未確信,永續報告書 https://esggenplus.twse.com.tw/inquiry/report?market=1&year=2025&companyCode=4747&lang=zh-TW　｜溫室氣體 https://esggenplus.twse.com.tw/inquiry/info/individual?market=1&companyCode=4747&year=2025&lang=zh-TW,是：永續報告書已出版但確信與查證欄全空、亦未附任何文件，須翻 PDF 附錄複核
4905,台聯電,上櫃,安永聯合會計師事務所,王慕凡、林素雯,已出版,2026/08/31,否,,,,,否,,,無確信,是,13.0487,959.8916,N/A,,否,,,無確信,無重疊,溫室氣體未確信,永續報告書 https://esggenplus.twse.com.tw/inquiry/report?market=1&year=2025&companyCode=4905&lang=zh-TW　｜溫室氣體 https://esggenplus.twse.com.tw/inquiry/info/individual?market=1&companyCode=4905&year=2025&lang=zh-TW,是：永續報告書已出版但確信與查證欄全空、亦未附任何文件，須翻 PDF 附錄複核
4939,亞電,上櫃,安永聯合會計師事務所,陳國帥、林政緯,已出版,2026/08/31,否,,,,,是,冠東永續諮詢( 蘇州) 有限公司）,AA1000 第1類型(Type1) 中度保證,無確信,是,"2,912.0000","4,417.3600",已完成合併財務報表之母子公司,合理保證等級,是,安德森國際標準驗證有限公司（Anderson International Certification）,驗證／查驗機構,否,無重疊,兩線齊備,永續報告書 https://esggenplus.twse.com.tw/inquiry/report?market=1&year=2025&companyCode=4939&lang=zh-TW　｜溫室氣體 https://esggenplus.twse.com.tw/inquiry/info/individual?market=1&companyCode=4939&year=2025&lang=zh-TW,否
4977,眾達-KY,上市,安永聯合會計師事務所,許新民、余倩如,已出版,2026/08/20,否,,,,,否,,,無確信,是,46.1984,"7,312.2052",N/A,,否,,,無確信,無重疊,溫室氣體未確信,永續報告書 https://esggenplus.twse.com.tw/inquiry/report?market=0&year=2025&companyCode=4977&lang=zh-TW　｜溫室氣體 https://esggenplus.twse.com.tw/inquiry/info/individual?market=0&companyCode=4977&year=2025&lang=zh-TW,是：永續報告書已出版但確信與查證欄全空、亦未附任何文件，須翻 PDF 附錄複核
4979,華星光,上櫃,安永聯合會計師事務所,鄭清標、陳國帥,已出版,2026/08/20,否,,,,,否,,,無確信,是,385.3348,"4,955.1012",已完成母公司,合理保證等級,是,立恩威國際驗證股份有限公司（DNV）,驗證／查驗機構,否,無重疊,兩線齊備,永續報告書 https://esggenplus.twse.com.tw/inquiry/report?market=1&year=2025&companyCode=4979&lang=zh-TW　｜溫室氣體 https://esggenplus.twse.com.tw/inquiry/info/individual?market=1&companyCode=4979&year=2025&lang=zh-TW,是：永續報告書已出版但確信與查證欄全空、亦未附任何文件，須翻 PDF 附錄複核
5007,三星,上市,安永聯合會計師事務所,洪國森、陳政初,已出版,2026/08/26,否,,,,,否,,,無確信,是,"3,896.0000","30,947.0000",已完成母公司,合理保證等級,是,台灣檢驗科技股份有限公司（SGS）,驗證／查驗機構,否,無重疊,兩線齊備,永續報告書 https://esggenplus.twse.com.tw/inquiry/report?market=0&year=2025&companyCode=5007&lang=zh-TW　｜溫室氣體 https://esggenplus.twse.com.tw/inquiry/info/individual?market=0&companyCode=5007&year=2025&lang=zh-TW,是：永續報告書已出版但確信與查證欄全空、亦未附任何文件，須翻 PDF 附錄複核
5016,松和,上櫃,安永聯合會計師事務所,羅文振、黃子評,已出版,2026/08/27,是,安永聯合會計師事務所,確信準則3000號(原公報第一號),有限確信,永續報告書符合GRI永續性報導準則,否,,,是,是,"4,452.3006","11,020.3942",已完成母公司,合理保證等級,是,財團法人金屬工業研究發展中心（MIRDC）,驗證／查驗機構,否,僅永續報告書確信重疊,兩線齊備,永續報告書 https://esggenplus.twse.com.tw/inquiry/report?market=1&year=2025&companyCode=5016&lang=zh-TW　｜溫室氣體 https://esggenplus.twse.com.tw/inquiry/info/individual?market=1&companyCode=5016&year=2025&lang=zh-TW,否
5212,凌網,上櫃,安永聯合會計師事務所,邱琬茹、郭紹彬,已出版,2026/08/27,否,,,,,否,,,無確信,是,54.1700,298.1242,N/A,,否,,,無確信,無重疊,溫室氣體未確信,永續報告書 https://esggenplus.twse.com.tw/inquiry/report?market=1&year=2025&companyCode=5212&lang=zh-TW　｜溫室氣體 https://esggenplus.twse.com.tw/inquiry/info/individual?market=1&companyCode=5212&year=2025&lang=zh-TW,是：永續報告書已出版但確信與查證欄全空、亦未附任何文件，須翻 PDF 附錄複核
5225,東科-KY,上市,安永聯合會計師事務所,劉榮進、黃子評,已出版,2026/08/26,否,,,,,是,法標國際認證股份有限公司,AA1000 第1類型(Type1) 中度保證,無確信,是,850.3217,"10,142.9952","已完成母公司,合併財務報表之母子公司(不含丹麥子公司）",有限保證等級,是,安永聯合會計師事務所,會計師事務所,是,僅溫室氣體確信重疊,兩線齊備,永續報告書 https://esggenplus.twse.com.tw/inquiry/report?market=0&year=2025&companyCode=5225&lang=zh-TW　｜溫室氣體 https://esggenplus.twse.com.tw/inquiry/info/individual?market=0&companyCode=5225&year=2025&lang=zh-TW,否
5244,弘凱,上市,安永聯合會計師事務所,林孟賢、謝勝安,已出版,2026/08/26,否,,,,,否,,,無確信,是,23.3600,"4,711.1000",N/A,,是,（下載失敗，無從辨識）,未具名,無從辨識,無重疊,溫室氣體出具者無從辨識,永續報告書 https://esggenplus.twse.com.tw/inquiry/report?market=0&year=2025&companyCode=5244&lang=zh-TW　｜溫室氣體 https://esggenplus.twse.com.tw/inquiry/info/individual?market=0&companyCode=5244&year=2025&lang=zh-TW,是：永續報告書已出版但確信與查證欄全空、亦未附任何文件，須翻 PDF 附錄複核；溫室氣體確信報告檔下載失敗，出具者無從辨識
5285,界霖,上市,安永聯合會計師事務所,陳政初、洪國森,已出版,2026/08/18,是,資誠聯合會計師事務所,確信準則3000號(原公報第一號),有限確信,"永續報告書符合GRI永續性報導準則, 永續會計準則委員會(SASB)之行業指標, 所屬產業之永續指標",否,,,否,是,198.0306,"5,149.4011",已完成母公司,合理保證等級,是,財團法人金屬工業研究發展中心（MIRDC）,驗證／查驗機構,否,無重疊,兩線齊備,永續報告書 https://esggenplus.twse.com.tw/inquiry/report?market=0&year=2025&companyCode=5285&lang=zh-TW　｜溫室氣體 https://esggenplus.twse.com.tw/inquiry/info/individual?market=0&companyCode=5285&year=2025&lang=zh-TW,否
5288,豐祥-KY,上市,安永聯合會計師事務所,陳國帥、張志銘,已出版,2026/08/10,否,,,,,是,台灣檢驗科技股份有限公司(SGS),AA1000 第2類型(Type2) 中度保證,無確信,是,"8,317.7169","29,080.4279",已完成合併財務報表之母子公司,合理保證等級,是,英國標準協會（BSI Assurance UK Ltd）,驗證／查驗機構,否,無重疊,兩線齊備,永續報告書 https://esggenplus.twse.com.tw/inquiry/report?market=0&year=2025&companyCode=5288&lang=zh-TW　｜溫室氣體 https://esggenplus.twse.com.tw/inquiry/info/individual?market=0&companyCode=5288&year=2025&lang=zh-TW,否
5302,太欣,上櫃,安永聯合會計師事務所,王慕凡、張巧穎,已出版,2026/08/12,否,,,,,否,,,無確信,是,9.8100,66.1100,N/A,,否,,,無確信,無重疊,溫室氣體未確信,永續報告書 https://esggenplus.twse.com.tw/inquiry/report?market=1&year=2025&companyCode=5302&lang=zh-TW　｜溫室氣體 https://esggenplus.twse.com.tw/inquiry/info/individual?market=1&companyCode=5302&year=2025&lang=zh-TW,是：永續報告書已出版但確信與查證欄全空、亦未附任何文件，須翻 PDF 附錄複核
5310,天剛,上櫃,安永聯合會計師事務所,陳智忠、余倩如,已出版,2026/08/21,否,,,,,否,,,無確信,是,0.0000,14.4600,N/A,,否,,,無確信,無重疊,溫室氣體未確信,永續報告書 https://esggenplus.twse.com.tw/inquiry/report?market=1&year=2025&companyCode=5310&lang=zh-TW　｜溫室氣體 https://esggenplus.twse.com.tw/inquiry/info/individual?market=1&companyCode=5310&year=2025&lang=zh-TW,是：永續報告書已出版但確信與查證欄全空、亦未附任何文件，須翻 PDF 附錄複核
5328,華容,上櫃,安永聯合會計師事務所,陳政初、李芳文,已出版,2026/08/13,是,安永聯合會計師事務所,確信準則3000號(原公報第一號),有限確信,永續報告書符合GRI永續性報導準則,否,,,是,是,566.7413,"7,251.5361",N/A,,否,,,無確信,僅永續報告書確信重疊,溫室氣體未確信,永續報告書 https://esggenplus.twse.com.tw/inquiry/report?market=1&year=2025&companyCode=5328&lang=zh-TW　｜溫室氣體 https://esggenplus.twse.com.tw/inquiry/info/individual?market=1&companyCode=5328&year=2025&lang=zh-TW,否
5353,台林,上櫃,安永聯合會計師事務所,林秀青、張巧穎,已出版,2026/08/24,否,,,,,是,台灣德國北德技術監護顧問股份有限公司,AA1000 第1類型(Type1) 中度保證,無確信,是,138.6503,"2,018.2691",已完成合併財務報表之母子公司,合理保證等級,是,台灣德國北德技術監護顧問股份有限公司（TÜV NORD）,驗證／查驗機構,否,無重疊,兩線齊備,永續報告書 https://esggenplus.twse.com.tw/inquiry/report?market=1&year=2025&companyCode=5353&lang=zh-TW　｜溫室氣體 https://esggenplus.twse.com.tw/inquiry/info/individual?market=1&companyCode=5353&year=2025&lang=zh-TW,否
5371,中光電,上櫃,安永聯合會計師事務所,黃敏如、郭紹彬,已出版,2026/07/27,否,,,,,是,台灣檢驗科技股份有限公司,AA1000 第2類型(Type2) 高度保證,無確信,是,"3,249.0000","23,037.1000","已完成母公司,母公司為中強光電股份有限公司(力行廠、竹南廠、南科一廠、南科二廠)；其他為揚光綠能、宇康醫電、中光電智能雲服、中光電智能機器人、譜鉅科技、中光電智能感測、中光電創境、中光電智能物流、蘇州璨宇光電、蘇州璨曜光電、昆山揚皓光電、昆山揚燁光電等子公司。",合理保證等級,是,台灣檢驗科技股份有限公司（SGS）,驗證／查驗機構,否,無重疊,兩線齊備,永續報告書 https://esggenplus.twse.com.tw/inquiry/report?market=1&year=2025&companyCode=5371&lang=zh-TW　｜溫室氣體 https://esggenplus.twse.com.tw/inquiry/info/individual?market=1&companyCode=5371&year=2025&lang=zh-TW,否
5381,光譜,上櫃,安永聯合會計師事務所,許新民、呂倩雯,已出版,2026/08/26,否,,,,,否,,,無確信,是,978.5230,796.1261,N/A,,否,,,無確信,無重疊,溫室氣體未確信,永續報告書 https://esggenplus.twse.com.tw/inquiry/report?market=1&year=2025&companyCode=5381&lang=zh-TW　｜溫室氣體 https://esggenplus.twse.com.tw/inquiry/info/individual?market=1&companyCode=5381&year=2025&lang=zh-TW,是：永續報告書已出版但確信與查證欄全空、亦未附任何文件，須翻 PDF 附錄複核
5398,慕康生醫,上櫃,安永聯合會計師事務所,黃靖雅、黃子評,已出版,2026/08/17,否,,,,,否,,,無確信,是,2.6336,30.6500,N/A,,否,,,無確信,無重疊,溫室氣體未確信,永續報告書 https://esggenplus.twse.com.tw/inquiry/report?market=1&year=2025&companyCode=5398&lang=zh-TW　｜溫室氣體 https://esggenplus.twse.com.tw/inquiry/info/individual?market=1&companyCode=5398&year=2025&lang=zh-TW,是：永續報告書已出版但確信與查證欄全空、亦未附任何文件，須翻 PDF 附錄複核
5475,德宏,上櫃,安永聯合會計師事務所,王瑄瑄、李育儒,已出版,2026/08/31,否,,,,,否,,,無確信,是,0.0000,301.0880,N/A,,否,,,無確信,無重疊,溫室氣體未確信,永續報告書 https://esggenplus.twse.com.tw/inquiry/report?market=1&year=2025&companyCode=5475&lang=zh-TW　｜溫室氣體 https://esggenplus.twse.com.tw/inquiry/info/individual?market=1&companyCode=5475&year=2025&lang=zh-TW,是：永續報告書已出版但確信與查證欄全空、亦未附任何文件，須翻 PDF 附錄複核
5487,通泰,上櫃,安永聯合會計師事務所,黃宇廷、賴書晨,已出版,2026/08/20,否,,,,,否,,,無確信,是,1.3335,25.9589,N/A,,否,,,無確信,無重疊,溫室氣體未確信,永續報告書 https://esggenplus.twse.com.tw/inquiry/report?market=1&year=2025&companyCode=5487&lang=zh-TW　｜溫室氣體 https://esggenplus.twse.com.tw/inquiry/info/individual?market=1&companyCode=5487&year=2025&lang=zh-TW,是：永續報告書已出版但確信與查證欄全空、亦未附任何文件，須翻 PDF 附錄複核
5514,三豐,上櫃,安永聯合會計師事務所,張巧穎、王彥鈞,已出版,2026/08/06,否,,,,,否,,,無確信,是,2.3652,222.0266,N/A,,否,,,無確信,無重疊,溫室氣體未確信,永續報告書 https://esggenplus.twse.com.tw/inquiry/report?market=1&year=2025&companyCode=5514&lang=zh-TW　｜溫室氣體 https://esggenplus.twse.com.tw/inquiry/info/individual?market=1&companyCode=5514&year=2025&lang=zh-TW,是：永續報告書已出版但確信與查證欄全空、亦未附任何文件，須翻 PDF 附錄複核
5519,隆大,上市,安永聯合會計師事務所,李芳文、陳政初,已出版,2026/08/26,否,,,,,否,,,無確信,是,156.7800,609.4700,部份確信。,有限確信,是,安永聯合會計師事務所,會計師事務所,是,僅溫室氣體確信重疊,兩線齊備,永續報告書 https://esggenplus.twse.com.tw/inquiry/report?market=0&year=2025&companyCode=5519&lang=zh-TW　｜溫室氣體 https://esggenplus.twse.com.tw/inquiry/info/individual?market=0&companyCode=5519&year=2025&lang=zh-TW,是：永續報告書已出版但確信與查證欄全空、亦未附任何文件，須翻 PDF 附錄複核
5546,永固-KY,上市,安永聯合會計師事務所,林秀青、余倩如,已出版,2026/08/24,否,,,,,否,,,無確信,是,0.0000,0.0000,N/A,,否,,,無確信,無重疊,溫室氣體未確信,永續報告書 https://esggenplus.twse.com.tw/inquiry/report?market=0&year=2025&companyCode=5546&lang=zh-TW　｜溫室氣體 https://esggenplus.twse.com.tw/inquiry/info/individual?market=0&companyCode=5546&year=2025&lang=zh-TW,是：永續報告書已出版但確信與查證欄全空、亦未附任何文件，須翻 PDF 附錄複核
5601,台聯櫃,上櫃,安永聯合會計師事務所,楊弘斌、劉榮進,已出版,2026/08/07,否,,,,,否,,,無確信,是,82.7478,"233,344.0000",N/A,,否,,,無確信,無重疊,溫室氣體未確信,永續報告書 https://esggenplus.twse.com.tw/inquiry/report?market=1&year=2025&companyCode=5601&lang=zh-TW　｜溫室氣體 https://esggenplus.twse.com.tw/inquiry/info/individual?market=1&companyCode=5601&year=2025&lang=zh-TW,是：永續報告書已出版但確信與查證欄全空、亦未附任何文件，須翻 PDF 附錄複核
6015,宏遠證,上櫃,安永聯合會計師事務所,馬君廷、林世寰,已出版,2026/08/13,是,安永聯合會計師事務所,確信準則3000號(原公報第一號),有限確信,"永續報告書符合GRI永續性報導準則, 所屬產業之永續指標",否,,,是,否,,,,,不適用,,,不適用,僅永續報告書確信重疊,未申報溫室氣體,永續報告書 https://esggenplus.twse.com.tw/inquiry/report?market=1&year=2025&companyCode=6015&lang=zh-TW　｜溫室氣體 https://esggenplus.twse.com.tw/inquiry/info/individual?market=1&companyCode=6015&year=2025&lang=zh-TW,否
6020,大展證,上櫃,安永聯合會計師事務所,劉榮進、楊弘斌,已出版,2026/08/25,是,正風聯合會計師事務所,確信準則3000號(原公報第一號),有限確信,"永續報告書符合GRI永續性報導準則, 所屬產業之永續指標, 永續會計準則委員會(SASB)之行業指標",否,,,否,否,,,,,不適用,,,不適用,無重疊,未申報溫室氣體,永續報告書 https://esggenplus.twse.com.tw/inquiry/report?market=1&year=2025&companyCode=6020&lang=zh-TW　｜溫室氣體 https://esggenplus.twse.com.tw/inquiry/info/individual?market=1&companyCode=6020&year=2025&lang=zh-TW,否
6111,光聚晶電,上櫃,安永聯合會計師事務所,呂倩雯、王慕凡,已出版,2026/08/31,否,,,,,否,,,無確信,否,,,,,不適用,,,不適用,無重疊,未申報溫室氣體,永續報告書 https://esggenplus.twse.com.tw/inquiry/report?market=1&year=2025&companyCode=6111&lang=zh-TW　｜溫室氣體 https://esggenplus.twse.com.tw/inquiry/info/individual?market=1&companyCode=6111&year=2025&lang=zh-TW,是：永續報告書已出版但確信與查證欄全空、亦未附任何文件，須翻 PDF 附錄複核
6115,鎰勝,上市,安永聯合會計師事務所,余倩如、呂倩雯,已出版,2026/08/11,否,,,,,否,,,無確信,是,36.5145,"2,309.4028",N/A,,否,,,無確信,無重疊,溫室氣體未確信,永續報告書 https://esggenplus.twse.com.tw/inquiry/report?market=0&year=2025&companyCode=6115&lang=zh-TW　｜溫室氣體 https://esggenplus.twse.com.tw/inquiry/info/individual?market=0&companyCode=6115&year=2025&lang=zh-TW,是：永續報告書已出版但確信與查證欄全空、亦未附任何文件，須翻 PDF 附錄複核
6117,迎廣,上市,安永聯合會計師事務所,張正道、王甯寬,已出版,2026/08/31,是,安永聯合會計師事務所,確信準則3000號(原公報第一號),有限確信,永續報告書符合GRI永續性報導準則,否,,,是,是,"1,275.0860","6,752.2137",N/A,,否,,,無確信,僅永續報告書確信重疊,溫室氣體未確信,永續報告書 https://esggenplus.twse.com.tw/inquiry/report?market=0&year=2025&companyCode=6117&lang=zh-TW　｜溫室氣體 https://esggenplus.twse.com.tw/inquiry/info/individual?market=0&companyCode=6117&year=2025&lang=zh-TW,否
6123,上奇,上櫃,安永聯合會計師事務所,許新民、余倩如,已出版,2026/08/26,否,,,,,否,,,無確信,是,2.6245,54.1439,N/A,,否,,,無確信,無重疊,溫室氣體未確信,永續報告書 https://esggenplus.twse.com.tw/inquiry/report?market=1&year=2025&companyCode=6123&lang=zh-TW　｜溫室氣體 https://esggenplus.twse.com.tw/inquiry/info/individual?market=1&companyCode=6123&year=2025&lang=zh-TW,是：永續報告書已出版但確信與查證欄全空、亦未附任何文件，須翻 PDF 附錄複核
6126,信音,上櫃,安永聯合會計師事務所,林政緯、張志銘,已出版,2026/08/24,否,,,,,否,,,無確信,是,426.2178,"5,132.5394","已完成母公司,已完成合併財務報表之母子公司,母公司及子公司(信音電子(中國);(信音電子(中山)等均已完成確信,子公司(信音電子(泰國)則是自主盤查,未經第三方確信",合理保證等級,否,,,無確信,無重疊,溫室氣體未確信,永續報告書 https://esggenplus.twse.com.tw/inquiry/report?market=1&year=2025&companyCode=6126&lang=zh-TW　｜溫室氣體 https://esggenplus.twse.com.tw/inquiry/info/individual?market=1&companyCode=6126&year=2025&lang=zh-TW,是：永續報告書已出版但確信與查證欄全空、亦未附任何文件，須翻 PDF 附錄複核
6128,上福,上市,安永聯合會計師事務所,黃宇廷、賴書晨,已出版,2026/08/24,否,,,,,是,SGS台灣檢驗科技股份有限公司,AA1000 第1類型(Type1) 中度保證,無確信,是,241.9100,"1,740.8100",N/A,,否,,,無確信,無重疊,溫室氣體未確信,永續報告書 https://esggenplus.twse.com.tw/inquiry/report?market=0&year=2025&companyCode=6128&lang=zh-TW　｜溫室氣體 https://esggenplus.twse.com.tw/inquiry/info/individual?market=0&companyCode=6128&year=2025&lang=zh-TW,否
6140,訊達電腦,上櫃,安永聯合會計師事務所,林素雯、王慕凡,已出版,2026/08/12,否,,,,,否,,,無確信,是,5.5100,62.2000,N/A,,否,,,無確信,無重疊,溫室氣體未確信,永續報告書 https://esggenplus.twse.com.tw/inquiry/report?market=1&year=2025&companyCode=6140&lang=zh-TW　｜溫室氣體 https://esggenplus.twse.com.tw/inquiry/info/individual?market=1&companyCode=6140&year=2025&lang=zh-TW,是：永續報告書已出版但確信與查證欄全空、亦未附任何文件，須翻 PDF 附錄複核
6152,百一,上市,安永聯合會計師事務所,羅筱靖、陳國帥,已出版,2026/08/19,否,,,,,否,,,無確信,是,737.7890,"5,160.7462",已完成合併財務報表之母子公司,合理保證等級,是,財團法人台灣商品檢測驗證中心（ETC 商檢中心）,驗證／查驗機構,否,無重疊,兩線齊備,永續報告書 https://esggenplus.twse.com.tw/inquiry/report?market=0&year=2025&companyCode=6152&lang=zh-TW　｜溫室氣體 https://esggenplus.twse.com.tw/inquiry/info/individual?market=0&companyCode=6152&year=2025&lang=zh-TW,是：永續報告書已出版但確信與查證欄全空、亦未附任何文件，須翻 PDF 附錄複核；溫室氣體確信報告：上傳者為 2024 年度（113-GHG-013）查證意見書，非 2025 年度
6155,鈞寶,上市,安永聯合會計師事務所,林政緯、陳國帥,已出版,2026/08/25,否,,,,,否,,,無確信,是,127.6900,"5,527.5700",N/A,,否,,,無確信,無重疊,溫室氣體未確信,永續報告書 https://esggenplus.twse.com.tw/inquiry/report?market=0&year=2025&companyCode=6155&lang=zh-TW　｜溫室氣體 https://esggenplus.twse.com.tw/inquiry/info/individual?market=0&companyCode=6155&year=2025&lang=zh-TW,是：永續報告書已出版但確信與查證欄全空、亦未附任何文件，須翻 PDF 附錄複核
6156,松上,上櫃,安永聯合會計師事務所,羅筱靖、陳國帥,已出版,2026/08/31,否,,,,,是,格瑞國際驗證有限公司,AA1000 第1類型(Type1) 中度保證,無確信,是,675.1900,"21,354.6700","已完成母公司,已完成合併財務報表之母子公司,三家中國子公司(東莞、湖北、蘇州)",合理保證等級,是,法標國際驗證股份有限公司（AFNOR ASIA）,驗證／查驗機構,否,無重疊,兩線齊備,永續報告書 https://esggenplus.twse.com.tw/inquiry/report?market=1&year=2025&companyCode=6156&lang=zh-TW　｜溫室氣體 https://esggenplus.twse.com.tw/inquiry/info/individual?market=1&companyCode=6156&year=2025&lang=zh-TW,否
6164,華興,上市,安永聯合會計師事務所,羅筱靖、馬君廷,已出版,2026/08/28,否,,,,,否,,,無確信,是,218.4562,"3,284.8555",N/A,,否,,,無確信,無重疊,溫室氣體未確信,永續報告書 https://esggenplus.twse.com.tw/inquiry/report?market=0&year=2025&companyCode=6164&lang=zh-TW　｜溫室氣體 https://esggenplus.twse.com.tw/inquiry/info/individual?market=0&companyCode=6164&year=2025&lang=zh-TW,是：永續報告書已出版但確信與查證欄全空、亦未附任何文件，須翻 PDF 附錄複核
6169,昱泉,上櫃,安永聯合會計師事務所,黃子評、黃靖雅,已出版,2026/08/28,否,,,,,否,,,無確信,否,,,,,不適用,,,不適用,無重疊,未申報溫室氣體,永續報告書 https://esggenplus.twse.com.tw/inquiry/report?market=1&year=2025&companyCode=6169&lang=zh-TW　｜溫室氣體 https://esggenplus.twse.com.tw/inquiry/info/individual?market=1&companyCode=6169&year=2025&lang=zh-TW,是：永續報告書已出版但確信與查證欄全空、亦未附任何文件，須翻 PDF 附錄複核
6175,立敦,上櫃,安永聯合會計師事務所,涂清淵、羅文振,已出版,2026/08/25,否,,,,,否,,,無確信,是,"1,108.0207","80,889.6293",N/A,,否,,,無確信,無重疊,溫室氣體未確信,永續報告書 https://esggenplus.twse.com.tw/inquiry/report?market=1&year=2025&companyCode=6175&lang=zh-TW　｜溫室氣體 https://esggenplus.twse.com.tw/inquiry/info/individual?market=1&companyCode=6175&year=2025&lang=zh-TW,是：永續報告書已出版但確信與查證欄全空、亦未附任何文件，須翻 PDF 附錄複核
6182,合晶,上櫃,安永聯合會計師事務所,鄭清標、張志銘,已出版,2026/06/23,否,,,,,是,法標國際認證股份有限公司,AA1000 第1類型(Type1) 中度保證,無確信,是,"8,389.0332","156,711.4760","已完成母公司,合晶科技股份有限公司楊梅分公司",合理保證等級,是,英國標準協會（BSI Taiwan）,驗證／查驗機構,否,無重疊,兩線齊備,永續報告書 https://esggenplus.twse.com.tw/inquiry/report?market=1&year=2025&companyCode=6182&lang=zh-TW　｜溫室氣體 https://esggenplus.twse.com.tw/inquiry/info/individual?market=1&companyCode=6182&year=2025&lang=zh-TW,否
6183,關貿,上市,安永聯合會計師事務所,張正道、林世寰,已出版,2026/08/17,否,,,,,是,亞瑞仕國際驗證股份有限公司,AA1000 第1類型(Type1) 中度保證,無確信,是,39.0980,"1,307.6309",已完成合併財務報表之母子公司,合理保證等級,是,亞瑞仕國際驗證股份有限公司（ARES）,驗證／查驗機構,否,無重疊,兩線齊備,永續報告書 https://esggenplus.twse.com.tw/inquiry/report?market=0&year=2025&companyCode=6183&lang=zh-TW　｜溫室氣體 https://esggenplus.twse.com.tw/inquiry/info/individual?market=0&companyCode=6183&year=2025&lang=zh-TW,否
6194,育富,上櫃,安永聯合會計師事務所,王瑄瑄、陳智忠,已出版,2026/08/28,否,,,,,否,,,無確信,是,0.0000,13.3900,N/A,,否,,,無確信,無重疊,溫室氣體未確信,永續報告書 https://esggenplus.twse.com.tw/inquiry/report?market=1&year=2025&companyCode=6194&lang=zh-TW　｜溫室氣體 https://esggenplus.twse.com.tw/inquiry/info/individual?market=1&companyCode=6194&year=2025&lang=zh-TW,是：永續報告書已出版但確信與查證欄全空、亦未附任何文件，須翻 PDF 附錄複核
6198,瑞築,上櫃,安永聯合會計師事務所,王慕凡、王甯寬,已出版,2026/08/28,否,,,,,否,,,無確信,是,149.4583,172.9169,N/A,,否,,,無確信,無重疊,溫室氣體未確信,永續報告書 https://esggenplus.twse.com.tw/inquiry/report?market=1&year=2025&companyCode=6198&lang=zh-TW　｜溫室氣體 https://esggenplus.twse.com.tw/inquiry/info/individual?market=1&companyCode=6198&year=2025&lang=zh-TW,是：永續報告書已出版但確信與查證欄全空、亦未附任何文件，須翻 PDF 附錄複核
6201,亞弘電,上市,安永聯合會計師事務所,胡子仁、姚世傑,已出版,2026/08/07,否,,,,,否,,,無確信,是,170.0354,"3,141.9430",已完成合併財務報表之母子公司,合理保證等級,是,亞瑞仕國際驗證股份有限公司（ARES）,驗證／查驗機構,否,無重疊,兩線齊備,永續報告書 https://esggenplus.twse.com.tw/inquiry/report?market=0&year=2025&companyCode=6201&lang=zh-TW　｜溫室氣體 https://esggenplus.twse.com.tw/inquiry/info/individual?market=0&companyCode=6201&year=2025&lang=zh-TW,是：永續報告書已出版但確信與查證欄全空、亦未附任何文件，須翻 PDF 附錄複核
6204,艾華,上櫃,安永聯合會計師事務所,洪國森、陳政初,已出版,2026/08/05,否,,,,,否,,,無確信,是,56.7382,200.3835,N/A,,否,,,無確信,無重疊,溫室氣體未確信,永續報告書 https://esggenplus.twse.com.tw/inquiry/report?market=1&year=2025&companyCode=6204&lang=zh-TW　｜溫室氣體 https://esggenplus.twse.com.tw/inquiry/info/individual?market=1&companyCode=6204&year=2025&lang=zh-TW,是：永續報告書已出版但確信與查證欄全空、亦未附任何文件，須翻 PDF 附錄複核
6227,茂綸,上櫃,安永聯合會計師事務所,張正道、楊弘斌,已出版,2026/06/01,否,,,,,否,,,無確信,是,457.7000,303.0700,N/A,,否,,,無確信,無重疊,溫室氣體未確信,永續報告書 https://esggenplus.twse.com.tw/inquiry/report?market=1&year=2025&companyCode=6227&lang=zh-TW　｜溫室氣體 https://esggenplus.twse.com.tw/inquiry/info/individual?market=1&companyCode=6227&year=2025&lang=zh-TW,是：永續報告書已出版但確信與查證欄全空、亦未附任何文件，須翻 PDF 附錄複核
6243,迅杰,上市,安永聯合會計師事務所,黃敏如、楊雨霓,已出版,2026/08/17,否,,,,,否,,,無確信,是,5.3866,171.9556,N/A,,否,,,無確信,無重疊,溫室氣體未確信,永續報告書 https://esggenplus.twse.com.tw/inquiry/report?market=0&year=2025&companyCode=6243&lang=zh-TW　｜溫室氣體 https://esggenplus.twse.com.tw/inquiry/info/individual?market=0&companyCode=6243&year=2025&lang=zh-TW,是：永續報告書已出版但確信與查證欄全空、亦未附任何文件，須翻 PDF 附錄複核
6426,統新,上市,安永聯合會計師事務所,姚世傑、胡子仁,已出版,2026/08/28,是,安永聯合會計師事務所,確信準則3000號(原公報第一號),有限確信,"永續報告書符合GRI永續性報導準則, 永續會計準則委員會(SASB)之行業指標",否,,,是,是,358.5232,"5,844.7371",已完成合併財務報表之母子公司,合理保證等級,是,亞瑞仕國際驗證股份有限公司（ARES）,驗證／查驗機構,否,僅永續報告書確信重疊,兩線齊備,永續報告書 https://esggenplus.twse.com.tw/inquiry/report?market=0&year=2025&companyCode=6426&lang=zh-TW　｜溫室氣體 https://esggenplus.twse.com.tw/inquiry/info/individual?market=0&companyCode=6426&year=2025&lang=zh-TW,是：溫室氣體確信報告：上傳者為盤查報告書而非查證聲明書本身
6446,藥華藥,上市,安永聯合會計師事務所,呂倩雯、張巧穎,已出版,2026/08/30,否,,,,,是,AFNOR Asia Ltd.,AA1000 第1類型(Type1) 中度保證,無確信,是,953.8000,"4,605.6100","已完成母公司,其他為台中分公司、子公司泛泰",合理保證等級,是,法標國際驗證股份有限公司（AFNOR ASIA）,驗證／查驗機構,否,無重疊,兩線齊備,永續報告書 https://esggenplus.twse.com.tw/inquiry/report?market=0&year=2025&companyCode=6446&lang=zh-TW　｜溫室氣體 https://esggenplus.twse.com.tw/inquiry/info/individual?market=0&companyCode=6446&year=2025&lang=zh-TW,是：溫室氣體確信報告：意見書數據期間為 2024/01/01~2024/12/31，屬 113 年度，非 2025 年度
6462,神盾,上櫃,安永聯合會計師事務所,許新民、陳智忠,已出版,2026/08/20,否,,,,,否,,,無確信,是,7.0343,362.0088,N/A,,否,,,無確信,無重疊,溫室氣體未確信,永續報告書 https://esggenplus.twse.com.tw/inquiry/report?market=1&year=2025&companyCode=6462&lang=zh-TW　｜溫室氣體 https://esggenplus.twse.com.tw/inquiry/info/individual?market=1&companyCode=6462&year=2025&lang=zh-TW,是：永續報告書已出版但確信與查證欄全空、亦未附任何文件，須翻 PDF 附錄複核
6469,大樹,上櫃,安永聯合會計師事務所,鄭清標、張志銘,已出版,2026/08/31,否,,,,,否,,,無確信,是,"2,324.0000","9,804.0000",N/A,,否,,,無確信,無重疊,溫室氣體未確信,永續報告書 https://esggenplus.twse.com.tw/inquiry/report?market=1&year=2025&companyCode=6469&lang=zh-TW　｜溫室氣體 https://esggenplus.twse.com.tw/inquiry/info/individual?market=1&companyCode=6469&year=2025&lang=zh-TW,是：永續報告書已出版但確信與查證欄全空、亦未附任何文件，須翻 PDF 附錄複核
6472,保瑞,上市,安永聯合會計師事務所,胡子仁、姚世傑,已出版,2026/07/31,否,,,,,是,台灣德國萊因技術監護顧問 股份有限公司,AA1000 第2類型(Type2) 中度保證,無確信,是,"16,336.9021","24,727.0246",已完成合併財務報表之母子公司,有限確信,是,國富浩華聯合會計師事務所,會計師事務所,否,無重疊,兩線齊備,永續報告書 https://esggenplus.twse.com.tw/inquiry/report?market=0&year=2025&companyCode=6472&lang=zh-TW　｜溫室氣體 https://esggenplus.twse.com.tw/inquiry/info/individual?market=0&companyCode=6472&year=2025&lang=zh-TW,否
6477,安集,上市,安永聯合會計師事務所,姚世傑、洪國森,已出版,2026/08/28,否,,,,,否,,,無確信,是,76.4415,"1,341.4756",N/A,,否,,,無確信,無重疊,溫室氣體未確信,永續報告書 https://esggenplus.twse.com.tw/inquiry/report?market=0&year=2025&companyCode=6477&lang=zh-TW　｜溫室氣體 https://esggenplus.twse.com.tw/inquiry/info/individual?market=0&companyCode=6477&year=2025&lang=zh-TW,是：永續報告書已出版但確信與查證欄全空、亦未附任何文件，須翻 PDF 附錄複核
6491,晶碩,上市,安永聯合會計師事務所,張志銘、陳國帥,已出版,2026/08/19,否,,,,,否,,,無確信,是,591.8088,"44,957.2392",已完成合併財務報表之母子公司,合理保證等級,是,立恩威國際驗證股份有限公司（DNV）,驗證／查驗機構,否,無重疊,兩線齊備,永續報告書 https://esggenplus.twse.com.tw/inquiry/report?market=0&year=2025&companyCode=6491&lang=zh-TW　｜溫室氣體 https://esggenplus.twse.com.tw/inquiry/info/individual?market=0&companyCode=6491&year=2025&lang=zh-TW,是：永續報告書已出版但確信與查證欄全空、亦未附任何文件，須翻 PDF 附錄複核
6505,台塑化,上市,安永聯合會計師事務所,張正道、黃建澤,已出版,2026/08/11,否,,,,,是,英國標準協會（BSI）,AA1000 第1類型(Type1) 中度保證,無確信,是,"24,351,694.6443","162,200.4034",已完成合併財務報表之母子公司,合理保證等級,是,英國標準協會（BSI Group Singapore Pte. Ltd. Taiwan Branch）,驗證／查驗機構,否,無重疊,兩線齊備,永續報告書 https://esggenplus.twse.com.tw/inquiry/report?market=0&year=2025&companyCode=6505&lang=zh-TW　｜溫室氣體 https://esggenplus.twse.com.tw/inquiry/info/individual?market=0&companyCode=6505&year=2025&lang=zh-TW,否
6526,達發,上市,安永聯合會計師事務所,胡慎緁、楊雨霓,已出版,2026/08/27,否,,,,,是,英國標準協會(BSI),AA1000 第1類型(Type1) 中度保證,無確信,是,350.5924,"3,776.2201",已完成合併財務報表之母子公司,有限保證等級,是,Bureau Veritas Certification Hong Kong Limited,驗證／查驗機構,否,無重疊,兩線齊備,永續報告書 https://esggenplus.twse.com.tw/inquiry/report?market=0&year=2025&companyCode=6526&lang=zh-TW　｜溫室氣體 https://esggenplus.twse.com.tw/inquiry/info/individual?market=0&companyCode=6526&year=2025&lang=zh-TW,否
6533,晶心科,上市,安永聯合會計師事務所,邱琬茹、許新民,已出版,2026/08/31,是,思享永續聯合會計師事務所,確信準則3000號(原公報第一號),有限確信,永續會計準則委員會(SASB)之行業指標,否,,,否,是,0.0402,272.1724,已完成母公司,有限確信,是,思享永續聯合會計師事務所,會計師事務所,否,無重疊,兩線齊備,永續報告書 https://esggenplus.twse.com.tw/inquiry/report?market=0&year=2025&companyCode=6533&lang=zh-TW　｜溫室氣體 https://esggenplus.twse.com.tw/inquiry/info/individual?market=0&companyCode=6533&year=2025&lang=zh-TW,否
6547,高端疫苗,上櫃,安永聯合會計師事務所,郭紹彬、黃建澤,已出版,2026/08/28,否,,,,,否,,,無確信,是,"1,428.9000","3,525.8400",N/A,,否,,,無確信,無重疊,溫室氣體未確信,永續報告書 https://esggenplus.twse.com.tw/inquiry/report?market=1&year=2025&companyCode=6547&lang=zh-TW　｜溫室氣體 https://esggenplus.twse.com.tw/inquiry/info/individual?market=1&companyCode=6547&year=2025&lang=zh-TW,是：永續報告書已出版但確信與查證欄全空、亦未附任何文件，須翻 PDF 附錄複核
6603,富強鑫,上櫃,安永聯合會計師事務所,胡子仁、李芳文,已出版,2026/08/14,否,,,,,否,,,無確信,是,190.7806,"2,157.0959",N/A,,否,,,無確信,無重疊,溫室氣體未確信,永續報告書 https://esggenplus.twse.com.tw/inquiry/report?market=1&year=2025&companyCode=6603&lang=zh-TW　｜溫室氣體 https://esggenplus.twse.com.tw/inquiry/info/individual?market=1&companyCode=6603&year=2025&lang=zh-TW,是：永續報告書已出版但確信與查證欄全空、亦未附任何文件，須翻 PDF 附錄複核
6624,萬年清,上櫃,安永聯合會計師事務所,羅文振、柯雅婷,已出版,2026/08/14,否,,,,,否,,,無確信,是,49.8995,75.4572,N/A,,否,,,無確信,無重疊,溫室氣體未確信,永續報告書 https://esggenplus.twse.com.tw/inquiry/report?market=1&year=2025&companyCode=6624&lang=zh-TW　｜溫室氣體 https://esggenplus.twse.com.tw/inquiry/info/individual?market=1&companyCode=6624&year=2025&lang=zh-TW,是：永續報告書已出版但確信與查證欄全空、亦未附任何文件，須翻 PDF 附錄複核
6641,基士德-KY,上市,安永聯合會計師事務所,陳政初、謝勝安,已出版,2026/08/28,否,,,,,否,,,無確信,是,207.0159,404.8230,其他(僅川源(中國)機械有限公司(平湖廠區)取得查證報告，查證範圍不包含川源(中國)機械有限公司之5個分公司),合理保證等級,是,中國質量認證中心（CQC）,驗證／查驗機構,否,無重疊,兩線齊備,永續報告書 https://esggenplus.twse.com.tw/inquiry/report?market=0&year=2025&companyCode=6641&lang=zh-TW　｜溫室氣體 https://esggenplus.twse.com.tw/inquiry/info/individual?market=0&companyCode=6641&year=2025&lang=zh-TW,是：永續報告書已出版但確信與查證欄全空、亦未附任何文件，須翻 PDF 附錄複核
6670,復盛應用,上市,安永聯合會計師事務所,張巧穎、黃子評,已出版,2026/08/21,是,安永聯合會計師事務所,確信準則3000號(原公報第一號),有限確信,"永續報告書符合GRI永續性報導準則, 永續會計準則委員會(SASB)之行業指標, IFRS S2 / TCFD",否,,,是,是,"4,432.8458","16,267.1326",已完成母公司,合理保證等級,否,,,無確信,僅永續報告書確信重疊,溫室氣體未確信,永續報告書 https://esggenplus.twse.com.tw/inquiry/report?market=0&year=2025&companyCode=6670&lang=zh-TW　｜溫室氣體 https://esggenplus.twse.com.tw/inquiry/info/individual?market=0&companyCode=6670&year=2025&lang=zh-TW,否
6684,安格,上櫃,安永聯合會計師事務所,陳智忠、許新民,已出版,2026/08/24,否,,,,,否,,,無確信,是,7.1129,188.9798,N/A,,否,,,無確信,無重疊,溫室氣體未確信,永續報告書 https://esggenplus.twse.com.tw/inquiry/report?market=1&year=2025&companyCode=6684&lang=zh-TW　｜溫室氣體 https://esggenplus.twse.com.tw/inquiry/info/individual?market=1&companyCode=6684&year=2025&lang=zh-TW,是：永續報告書已出版但確信與查證欄全空、亦未附任何文件，須翻 PDF 附錄複核
6703,軒郁,上櫃,安永聯合會計師事務所,黃建澤、林孟賢,已出版,2026/08/28,是,安永聯合會計師事務所,確信準則3000號(原公報第一號),有限確信,"永續報告書符合GRI永續性報導準則, 所屬產業之永續指標",否,,,是,是,17.3380,347.9360,已完成合併財務報表之母子公司,因集團之溫室氣體盤查(64-1)查證皆固定安排查證於每年7月份展開(自願查證)，且2025年度因應集團亦發生多點據點搬遷事宜，故先行提供2025年盤查數據(尚未查證)，以及2024年度集團溫盤查證通過證書(BSI_合理保證等級)之資料。,是,英國標準協會（BSI Taiwan）,驗證／查驗機構,否,僅永續報告書確信重疊,兩線齊備,永續報告書 https://esggenplus.twse.com.tw/inquiry/report?market=1&year=2025&companyCode=6703&lang=zh-TW　｜溫室氣體 https://esggenplus.twse.com.tw/inquiry/info/individual?market=1&companyCode=6703&year=2025&lang=zh-TW,是：溫室氣體確信報告：為 AUP 議定程序報告，BSI 明示不表示任何確信結論，不應計為確信或查證
6712,長聖,上櫃,安永聯合會計師事務所,柯雅婷、黃子評,已出版,2026/08/28,否,,,,,否,,,無確信,是,0.0000,996.2630,N/A,,否,,,無確信,無重疊,溫室氣體未確信,永續報告書 https://esggenplus.twse.com.tw/inquiry/report?market=1&year=2025&companyCode=6712&lang=zh-TW　｜溫室氣體 https://esggenplus.twse.com.tw/inquiry/info/individual?market=1&companyCode=6712&year=2025&lang=zh-TW,是：永續報告書已出版但確信與查證欄全空、亦未附任何文件，須翻 PDF 附錄複核
6771,平和環保-創,上市,安永聯合會計師事務所,洪國森、陳政初,已出版,2026/08/11,是,青山永續聯合會計師事務所,確信準則3000號(原公報第一號),有限確信,"永續報告書符合GRI永續性報導準則, 所屬產業之永續指標, 永續會計準則委員會(SASB)之行業指標",否,,,否,是,564.5417,"2,501.4400",已完成合併財務報表之母子公司,有限確信,是,青山永續聯合會計師事務所,會計師事務所,否,無重疊,兩線齊備,永續報告書 https://esggenplus.twse.com.tw/inquiry/report?market=0&year=2025&companyCode=6771&lang=zh-TW　｜溫室氣體 https://esggenplus.twse.com.tw/inquiry/info/individual?market=0&companyCode=6771&year=2025&lang=zh-TW,否
6805,富世達,上市,安永聯合會計師事務所,洪國森、黃子評,已出版,2026/08/19,否,,,,,否,,,無確信,是,479.3892,"7,143.4738",已完成合併財務報表之母子公司,合理保證等級,是,華測認證有限公司（CTI）,驗證／查驗機構,否,無重疊,兩線齊備,永續報告書 https://esggenplus.twse.com.tw/inquiry/report?market=0&year=2025&companyCode=6805&lang=zh-TW　｜溫室氣體 https://esggenplus.twse.com.tw/inquiry/info/individual?market=0&companyCode=6805&year=2025&lang=zh-TW,是：永續報告書已出版但確信與查證欄全空、亦未附任何文件，須翻 PDF 附錄複核
6855,數泓科,上櫃,安永聯合會計師事務所,黃宇廷、羅文振,已出版,2026/08/21,否,,,,,否,,,無確信,是,5.4323,160.9420,N/A,,否,,,無確信,無重疊,溫室氣體未確信,永續報告書 https://esggenplus.twse.com.tw/inquiry/report?market=1&year=2025&companyCode=6855&lang=zh-TW　｜溫室氣體 https://esggenplus.twse.com.tw/inquiry/info/individual?market=1&companyCode=6855&year=2025&lang=zh-TW,是：永續報告書已出版但確信與查證欄全空、亦未附任何文件，須翻 PDF 附錄複核
6870,騰雲,上櫃,安永聯合會計師事務所,馬君廷、林孟賢,已出版,2026/08/24,否,,,,,否,,,無確信,是,7.3797,106.0684,N/A,,否,,,無確信,無重疊,溫室氣體未確信,永續報告書 https://esggenplus.twse.com.tw/inquiry/report?market=1&year=2025&companyCode=6870&lang=zh-TW　｜溫室氣體 https://esggenplus.twse.com.tw/inquiry/info/individual?market=1&companyCode=6870&year=2025&lang=zh-TW,是：永續報告書已出版但確信與查證欄全空、亦未附任何文件，須翻 PDF 附錄複核
6894,衛司特,上櫃,安永聯合會計師事務所,羅文振、陳明宏,已出版,2026/08/17,否,,,,,否,,,無確信,是,31.7258,36.3735,N/A,,否,,,無確信,無重疊,溫室氣體未確信,永續報告書 https://esggenplus.twse.com.tw/inquiry/report?market=1&year=2025&companyCode=6894&lang=zh-TW　｜溫室氣體 https://esggenplus.twse.com.tw/inquiry/info/individual?market=1&companyCode=6894&year=2025&lang=zh-TW,是：永續報告書已出版但確信與查證欄全空、亦未附任何文件，須翻 PDF 附錄複核
6907,雅特力-KY,上櫃,安永聯合會計師事務所,胡慎緁、郭紹彬,尚未出版,,不適用,,,,,不適用,,,不適用,是,1.1634,433.2920,已完成合併財務報表之母子公司,有限保證等級,是,台灣檢驗科技股份有限公司（SGS）,驗證／查驗機構,否,無重疊,永續報告書未出版,永續報告書 https://esggenplus.twse.com.tw/inquiry/report?market=1&year=2025&companyCode=6907&lang=zh-TW　｜溫室氣體 https://esggenplus.twse.com.tw/inquiry/info/individual?market=1&companyCode=6907&year=2025&lang=zh-TW,是：溫室氣體確信報告：SGS 意見書內文所載受查公司為「智原科技」而非雅特力，疑上傳錯檔或範本誤植
7631,聚賢研發-創,上市,安永聯合會計師事務所,黃靖雅、羅文振,已出版,2026/08/12,是,安永聯合會計師事務所,確信準則3000號(原公報第一號),有限確信,永續報告書符合GRI永續性報導準則,否,,,是,是,30.7050,47.2140,N/A,,否,,,無確信,僅永續報告書確信重疊,溫室氣體未確信,永續報告書 https://esggenplus.twse.com.tw/inquiry/report?market=0&year=2025&companyCode=7631&lang=zh-TW　｜溫室氣體 https://esggenplus.twse.com.tw/inquiry/info/individual?market=0&companyCode=7631&year=2025&lang=zh-TW,否
7642,昶瑞機電,上櫃,安永聯合會計師事務所,羅文振、陳明宏,已出版,2026/08/27,是,KPMG 安侯建業聯合會計師事務所,確信準則3000號(原公報第一號),有限確信,永續報告書符合GRI永續性報導準則,否,,,否,是,24.7220,82.5810,N/A,,否,,,無確信,無重疊,溫室氣體未確信,永續報告書 https://esggenplus.twse.com.tw/inquiry/report?market=1&year=2025&companyCode=7642&lang=zh-TW　｜溫室氣體 https://esggenplus.twse.com.tw/inquiry/info/individual?market=1&companyCode=7642&year=2025&lang=zh-TW,否
7711,永擎,上市,安永聯合會計師事務所,張巧穎、余倩如,已出版,2026/08/20,否,,,,,是,台灣德國北德技術監護顧問股份有限公司(TUV NORD),AA1000 第1類型(Type1) 中度保證,無確信,是,55.6156,"1,048.4407",已完成母公司,合理保證等級,是,立恩威國際驗證股份有限公司（DNV）,驗證／查驗機構,否,無重疊,兩線齊備,永續報告書 https://esggenplus.twse.com.tw/inquiry/report?market=0&year=2025&companyCode=7711&lang=zh-TW　｜溫室氣體 https://esggenplus.twse.com.tw/inquiry/info/individual?market=0&companyCode=7711&year=2025&lang=zh-TW,否
7715,裕山,上櫃,安永聯合會計師事務所,陳政初、洪國森,已出版,2026/08/27,否,,,,,否,,,無確信,是,"619,714.0000",192.3755,N/A,,否,,,無確信,無重疊,溫室氣體未確信,永續報告書 https://esggenplus.twse.com.tw/inquiry/report?market=1&year=2025&companyCode=7715&lang=zh-TW　｜溫室氣體 https://esggenplus.twse.com.tw/inquiry/info/individual?market=1&companyCode=7715&year=2025&lang=zh-TW,是：永續報告書已出版但確信與查證欄全空、亦未附任何文件，須翻 PDF 附錄複核
7718,友鋮,上櫃,安永聯合會計師事務所,洪國森、李芳文,已出版,2026/08/26,否,,,,,否,,,無確信,是,74.0590,381.0634,已完成合併財務報表之母子公司,合理保證等級,是,立恩威國際驗證股份有限公司（DNV）,驗證／查驗機構,否,無重疊,兩線齊備,永續報告書 https://esggenplus.twse.com.tw/inquiry/report?market=1&year=2025&companyCode=7718&lang=zh-TW　｜溫室氣體 https://esggenplus.twse.com.tw/inquiry/info/individual?market=1&companyCode=7718&year=2025&lang=zh-TW,是：永續報告書已出版但確信與查證欄全空、亦未附任何文件，須翻 PDF 附錄複核
7728,光焱科技,上櫃,安永聯合會計師事務所,陳政初、李芳文,已出版,2026/08/07,否,,,,,否,,,無確信,是,2.8309,141.3015,已完成合併財務報表之母子公司,合理保證等級,是,英國標準協會（BSI Taiwan）,驗證／查驗機構,否,無重疊,兩線齊備,永續報告書 https://esggenplus.twse.com.tw/inquiry/report?market=1&year=2025&companyCode=7728&lang=zh-TW　｜溫室氣體 https://esggenplus.twse.com.tw/inquiry/info/individual?market=1&companyCode=7728&year=2025&lang=zh-TW,是：永續報告書已出版但確信與查證欄全空、亦未附任何文件，須翻 PDF 附錄複核
7738,東聯互動,上櫃,安永聯合會計師事務所,呂倩雯、余倩如,已出版,2026/08/28,否,,,,,否,,,無確信,是,0.0000,33.9743,N/A,,否,,,無確信,無重疊,溫室氣體未確信,永續報告書 https://esggenplus.twse.com.tw/inquiry/report?market=1&year=2025&companyCode=7738&lang=zh-TW　｜溫室氣體 https://esggenplus.twse.com.tw/inquiry/info/individual?market=1&companyCode=7738&year=2025&lang=zh-TW,是：永續報告書已出版但確信與查證欄全空、亦未附任何文件，須翻 PDF 附錄複核
7744,崴寶,上櫃,安永聯合會計師事務所,黃宇廷、黃子評,已出版,2026/08/24,是,安永聯合會計師事務所,確信準則3000號(原公報第一號),有限確信,依所屬產業之永續指標選定5項作為確信標的,否,,,是,是,25.2921,"3,594.5854",N/A,,否,,,無確信,僅永續報告書確信重疊,溫室氣體未確信,永續報告書 https://esggenplus.twse.com.tw/inquiry/report?market=1&year=2025&companyCode=7744&lang=zh-TW　｜溫室氣體 https://esggenplus.twse.com.tw/inquiry/info/individual?market=1&companyCode=7744&year=2025&lang=zh-TW,否
7749,意騰-KY,上市,安永聯合會計師事務所,胡慎緁、邱琬茹,已出版,2026/08/27,否,,,,,否,,,無確信,是,1.9589,263.7957,N/A,,否,,,無確信,無重疊,溫室氣體未確信,永續報告書 https://esggenplus.twse.com.tw/inquiry/report?market=0&year=2025&companyCode=7749&lang=zh-TW　｜溫室氣體 https://esggenplus.twse.com.tw/inquiry/info/individual?market=0&companyCode=7749&year=2025&lang=zh-TW,是：永續報告書已出版但確信與查證欄全空、亦未附任何文件，須翻 PDF 附錄複核
7750,新代,上市,安永聯合會計師事務所,邱琬茹、胡慎緁,已出版,2026/08/13,是,Deloitte 勤業眾信聯合會計師事務所,確信準則3000號(原公報第一號),有限確信,"永續報告書符合GRI永續性報導準則, 永續會計準則委員會(SASB)之行業指標",否,,,否,是,114.8136,852.1477,已完成母公司,合理保證等級,是,台灣德國北德技術監護顧問股份有限公司（TÜV NORD）,驗證／查驗機構,否,無重疊,兩線齊備,永續報告書 https://esggenplus.twse.com.tw/inquiry/report?market=0&year=2025&companyCode=7750&lang=zh-TW　｜溫室氣體 https://esggenplus.twse.com.tw/inquiry/info/individual?market=0&companyCode=7750&year=2025&lang=zh-TW,否
7811,民盛,上櫃,安永聯合會計師事務所,張巧穎、黃子評,尚未出版,,不適用,,,,,不適用,,,不適用,是,17.2802,291.5744,N/A,,否,,,無確信,無重疊,永續報告書未出版；溫室氣體未確信,永續報告書 https://esggenplus.twse.com.tw/inquiry/report?market=1&year=2025&companyCode=7811&lang=zh-TW　｜溫室氣體 https://esggenplus.twse.com.tw/inquiry/info/individual?market=1&companyCode=7811&year=2025&lang=zh-TW,否
7822,倍利科,上市,安永聯合會計師事務所,邱琬茹、許新民,已出版,2026/08/19,否,,,,,否,,,無確信,是,33.0845,903.4297,N/A,,否,,,無確信,無重疊,溫室氣體未確信,永續報告書 https://esggenplus.twse.com.tw/inquiry/report?market=0&year=2025&companyCode=7822&lang=zh-TW　｜溫室氣體 https://esggenplus.twse.com.tw/inquiry/info/individual?market=0&companyCode=7822&year=2025&lang=zh-TW,是：永續報告書已出版但確信與查證欄全空、亦未附任何文件，須翻 PDF 附錄複核
8039,台虹,上市,安永聯合會計師事務所,洪國森、鄭清標,已出版,2026/08/27,是,青山永續聯合會計師事務所,確信準則3000號(原公報第一號),有限確信,"永續報告書符合GRI永續性報導準則, 永續會計準則委員會(SASB)之行業指標",否,,,否,是,"9,674.5765","18,938.5615",N/A,,否,,,無確信,無重疊,溫室氣體未確信,永續報告書 https://esggenplus.twse.com.tw/inquiry/report?market=0&year=2025&companyCode=8039&lang=zh-TW　｜溫室氣體 https://esggenplus.twse.com.tw/inquiry/info/individual?market=0&companyCode=8039&year=2025&lang=zh-TW,否
8040,九暘,上櫃,安永聯合會計師事務所,胡慎緁、楊雨霓,已出版,2026/08/31,否,,,,,否,,,無確信,是,13.1442,340.8799,已完成母公司,有限保證等級,是,Bureau Veritas Certification Hong Kong Limited,驗證／查驗機構,否,無重疊,兩線齊備,永續報告書 https://esggenplus.twse.com.tw/inquiry/report?market=1&year=2025&companyCode=8040&lang=zh-TW　｜溫室氣體 https://esggenplus.twse.com.tw/inquiry/info/individual?market=1&companyCode=8040&year=2025&lang=zh-TW,是：永續報告書已出版但確信與查證欄全空、亦未附任何文件，須翻 PDF 附錄複核
8054,安國,上櫃,安永聯合會計師事務所,徐榮煌、陳智忠,已出版,2026/08/19,否,,,,,否,,,無確信,是,29.2749,235.8144,N/A,,否,,,無確信,無重疊,溫室氣體未確信,永續報告書 https://esggenplus.twse.com.tw/inquiry/report?market=1&year=2025&companyCode=8054&lang=zh-TW　｜溫室氣體 https://esggenplus.twse.com.tw/inquiry/info/individual?market=1&companyCode=8054&year=2025&lang=zh-TW,是：永續報告書已出版但確信與查證欄全空、亦未附任何文件，須翻 PDF 附錄複核
8059,凱碩,上櫃,安永聯合會計師事務所,陳智忠、余倩如,已出版,2026/08/31,否,,,,,否,,,無確信,是,22.9200,525.8100,已完成合併財務報表之母子公司,合理保證等級,是,立恩威國際驗證股份有限公司（DNV）,驗證／查驗機構,否,無重疊,兩線齊備,永續報告書 https://esggenplus.twse.com.tw/inquiry/report?market=1&year=2025&companyCode=8059&lang=zh-TW　｜溫室氣體 https://esggenplus.twse.com.tw/inquiry/info/individual?market=1&companyCode=8059&year=2025&lang=zh-TW,是：永續報告書已出版但確信與查證欄全空、亦未附任何文件，須翻 PDF 附錄複核
8083,瑞穎,上櫃,安永聯合會計師事務所,徐榮煌、楊弘斌,已出版,2026/07/29,否,,,,,否,,,無確信,是,739.6449,"2,924.6464",N/A,,否,,,無確信,無重疊,溫室氣體未確信,永續報告書 https://esggenplus.twse.com.tw/inquiry/report?market=1&year=2025&companyCode=8083&lang=zh-TW　｜溫室氣體 https://esggenplus.twse.com.tw/inquiry/info/individual?market=1&companyCode=8083&year=2025&lang=zh-TW,是：永續報告書已出版但確信與查證欄全空、亦未附任何文件，須翻 PDF 附錄複核
8104,錸寶,上市,安永聯合會計師事務所,陳國帥、鄭清標,已出版,2026/08/27,否,,,,,否,,,無確信,是,47.4899,"7,395.5343",N/A,,否,,,無確信,無重疊,溫室氣體未確信,永續報告書 https://esggenplus.twse.com.tw/inquiry/report?market=0&year=2025&companyCode=8104&lang=zh-TW　｜溫室氣體 https://esggenplus.twse.com.tw/inquiry/info/individual?market=0&companyCode=8104&year=2025&lang=zh-TW,是：永續報告書已出版但確信與查證欄全空、亦未附任何文件，須翻 PDF 附錄複核
8176,智捷,上櫃,安永聯合會計師事務所,劉榮進、張正道,已出版,2026/08/10,是,安永聯合會計師事務所,確信準則3000號(原公報第一號),有限確信,永續報告書符合GRI永續性報導準則,否,,,是,是,7.1100,88.4000,N/A,,否,,,無確信,僅永續報告書確信重疊,溫室氣體未確信,永續報告書 https://esggenplus.twse.com.tw/inquiry/report?market=1&year=2025&companyCode=8176&lang=zh-TW　｜溫室氣體 https://esggenplus.twse.com.tw/inquiry/info/individual?market=1&companyCode=8176&year=2025&lang=zh-TW,否
8401,白紗科,上櫃,安永聯合會計師事務所,?清淵、羅文振,已出版,2026/08/26,否,,,,,否,,,無確信,是,"1,722.9368","4,536.7204",N/A,,否,,,無確信,無重疊,溫室氣體未確信,永續報告書 https://esggenplus.twse.com.tw/inquiry/report?market=1&year=2025&companyCode=8401&lang=zh-TW　｜溫室氣體 https://esggenplus.twse.com.tw/inquiry/info/individual?market=1&companyCode=8401&year=2025&lang=zh-TW,是：永續報告書已出版但確信與查證欄全空、亦未附任何文件，須翻 PDF 附錄複核
8424,惠普,上櫃,安永聯合會計師事務所,王瑄瑄、劉慧媛,已出版,2026/08/24,是,利安達平和聯合會計師事務所 Reanda Taiwan,確信準則3000號(原公報第一號),有限確信,永續報告書符合GRI永續性報導準則,否,,,否,是,"5,511.5530","7,049.8647",已完成母公司,合理保證等級,是,立恩威國際驗證股份有限公司（DNV）,驗證／查驗機構,否,無重疊,兩線齊備,永續報告書 https://esggenplus.twse.com.tw/inquiry/report?market=1&year=2025&companyCode=8424&lang=zh-TW　｜溫室氣體 https://esggenplus.twse.com.tw/inquiry/info/individual?market=1&companyCode=8424&year=2025&lang=zh-TW,是：溫室氣體確信報告：DNV 意見書內文所載組織為「國產建材實業集團」而非惠普，疑上傳錯檔
8450,霹靂,上櫃,安永聯合會計師事務所,王彥鈞、劉慧媛,已出版,2026/08/12,否,,,,,否,,,無確信,否,,,,,不適用,,,不適用,無重疊,未申報溫室氣體,永續報告書 https://esggenplus.twse.com.tw/inquiry/report?market=1&year=2025&companyCode=8450&lang=zh-TW　｜溫室氣體 https://esggenplus.twse.com.tw/inquiry/info/individual?market=1&companyCode=8450&year=2025&lang=zh-TW,是：永續報告書已出版但確信與查證欄全空、亦未附任何文件，須翻 PDF 附錄複核
8462,柏文,上市,安永聯合會計師事務所,李芳文、洪國森,已出版,2026/08/31,否,,,,,否,,,無確信,是,"1,545.8400","28,106.4000",N/A,,否,,,無確信,無重疊,溫室氣體未確信,永續報告書 https://esggenplus.twse.com.tw/inquiry/report?market=0&year=2025&companyCode=8462&lang=zh-TW　｜溫室氣體 https://esggenplus.twse.com.tw/inquiry/info/individual?market=0&companyCode=8462&year=2025&lang=zh-TW,是：永續報告書已出版但確信與查證欄全空、亦未附任何文件，須翻 PDF 附錄複核
8464,億豐,上市,安永聯合會計師事務所,陳明宏、涂清淵,已出版,2026/08/12,是,安永聯合會計師事務所,確信準則3000號(原公報第一號),有限確信,"永續報告書符合GRI永續性報導準則, 永續會計準則委員會(SASB)之行業指標",否,,,是,是,78.0000,"2,097.0000",N/A,,否,,,無確信,僅永續報告書確信重疊,溫室氣體未確信,永續報告書 https://esggenplus.twse.com.tw/inquiry/report?market=0&year=2025&companyCode=8464&lang=zh-TW　｜溫室氣體 https://esggenplus.twse.com.tw/inquiry/info/individual?market=0&companyCode=8464&year=2025&lang=zh-TW,否
8467,波力-KY,上市,安永聯合會計師事務所,羅文振、陳明宏,已出版,2026/08/26,否,,,,,否,,,無確信,是,0.0000,0.0000,N/A,,否,,,無確信,無重疊,溫室氣體未確信,永續報告書 https://esggenplus.twse.com.tw/inquiry/report?market=0&year=2025&companyCode=8467&lang=zh-TW　｜溫室氣體 https://esggenplus.twse.com.tw/inquiry/info/individual?market=0&companyCode=8467&year=2025&lang=zh-TW,是：永續報告書已出版但確信與查證欄全空、亦未附任何文件，須翻 PDF 附錄複核
8489,三貝德,上櫃,安永聯合會計師事務所,羅筱靖、鄭清標,已出版,2026/08/31,否,,,,,否,,,無確信,是,9.7139,161.9385,N/A,,否,,,無確信,無重疊,溫室氣體未確信,永續報告書 https://esggenplus.twse.com.tw/inquiry/report?market=1&year=2025&companyCode=8489&lang=zh-TW　｜溫室氣體 https://esggenplus.twse.com.tw/inquiry/info/individual?market=1&companyCode=8489&year=2025&lang=zh-TW,是：永續報告書已出版但確信與查證欄全空、亦未附任何文件，須翻 PDF 附錄複核
8908,欣雄,上櫃,安永聯合會計師事務所,姚世傑、胡子仁,已出版,2026/08/21,否,,,,,否,,,無確信,是,373.4317,146.2217,N/A,,否,,,無確信,無重疊,溫室氣體未確信,永續報告書 https://esggenplus.twse.com.tw/inquiry/report?market=1&year=2025&companyCode=8908&lang=zh-TW　｜溫室氣體 https://esggenplus.twse.com.tw/inquiry/info/individual?market=1&companyCode=8908&year=2025&lang=zh-TW,是：永續報告書已出版但確信與查證欄全空、亦未附任何文件，須翻 PDF 附錄複核
8924,大田,上櫃,安永聯合會計師事務所,陳政初、李芳文,已出版,2026/08/25,否,,,,,否,,,無確信,是,"1,713.7379","15,649.5922",N/A,,否,,,無確信,無重疊,溫室氣體未確信,永續報告書 https://esggenplus.twse.com.tw/inquiry/report?market=1&year=2025&companyCode=8924&lang=zh-TW　｜溫室氣體 https://esggenplus.twse.com.tw/inquiry/info/individual?market=1&companyCode=8924&year=2025&lang=zh-TW,是：永續報告書已出版但確信與查證欄全空、亦未附任何文件，須翻 PDF 附錄複核
8936,國統,上櫃,安永聯合會計師事務所,洪國森、姚世傑,已出版,2026/08/25,是,秉承聯合會計師事務所,確信準則3000號(原公報第一號),有限確信,"永續報告書符合GRI永續性報導準則, 永續會計準則委員會(SASB)之行業指標",否,,,否,是,"3,150.2795","10,172.8576","已完成母公司,國統國際股份有限公司：2400.3822已確信
國洋環境科技股份有限公司：749.8973預計8月確信",有限確信,是,秉承聯合會計師事務所,會計師事務所,否,無重疊,兩線齊備,永續報告書 https://esggenplus.twse.com.tw/inquiry/report?market=1&year=2025&companyCode=8936&lang=zh-TW　｜溫室氣體 https://esggenplus.twse.com.tw/inquiry/info/individual?market=1&companyCode=8936&year=2025&lang=zh-TW,否
8940,新天地,上市,安永聯合會計師事務所,黃宇廷、黃子評,已出版,2026/08/14,是,安永聯合會計師事務所,確信準則3000號(原公報第一號),有限確信,永續報告書符合GRI永續性報導準則,否,,,是,是,"2,012.0549","3,628.1883",N/A,,否,,,無確信,僅永續報告書確信重疊,溫室氣體未確信,永續報告書 https://esggenplus.twse.com.tw/inquiry/report?market=0&year=2025&companyCode=8940&lang=zh-TW　｜溫室氣體 https://esggenplus.twse.com.tw/inquiry/info/individual?market=0&companyCode=8940&year=2025&lang=zh-TW,否
9906,欣巴巴,上市,安永聯合會計師事務所,陳政初、李芳文,已出版,2026/08/25,是,安永聯合會計師事務所,確信準則3000號(原公報第一號),有限確信,永續報告書符合GRI永續性報導準則,否,,,是,是,4.0310,53.6691,N/A,,是,（未具名）,未具名,無從辨識,僅永續報告書確信重疊,溫室氣體出具者無從辨識,永續報告書 https://esggenplus.twse.com.tw/inquiry/report?market=0&year=2025&companyCode=9906&lang=zh-TW　｜溫室氣體 https://esggenplus.twse.com.tw/inquiry/info/individual?market=0&companyCode=9906&year=2025&lang=zh-TW,是：溫室氣體確信報告：上傳者為盤查報告書，外部查證單位欄位空白
9911,櫻花,上市,安永聯合會計師事務所,黃宇廷、黃子評,已出版,2026/08/31,否,,,,,否,,,無確信,是,724.3581,"3,154.4141",N/A,,否,,,無確信,無重疊,溫室氣體未確信,永續報告書 https://esggenplus.twse.com.tw/inquiry/report?market=0&year=2025&companyCode=9911&lang=zh-TW　｜溫室氣體 https://esggenplus.twse.com.tw/inquiry/info/individual?market=0&companyCode=9911&year=2025&lang=zh-TW,是：永續報告書已出版但確信與查證欄全空、亦未附任何文件，須翻 PDF 附錄複核
9917,中保科,上市,安永聯合會計師事務所,余倩如、王瑄瑄,已出版,2026/08/20,是,安永聯合會計師事務所,確信準則3000號(原公報第一號),有限確信,2025年永續報告書選定之永續績效資訊,是,安永聯合會計師事務所,確信準則3000號,是,是,"3,236.6777","5,282.2091",N/A,,否,,,無確信,僅永續報告書確信重疊,溫室氣體未確信,永續報告書 https://esggenplus.twse.com.tw/inquiry/report?market=0&year=2025&companyCode=9917&lang=zh-TW　｜溫室氣體 https://esggenplus.twse.com.tw/inquiry/info/individual?market=0&companyCode=9917&year=2025&lang=zh-TW,否
9934,成霖,上市,安永聯合會計師事務所,涂清淵、羅文振,已出版,2026/08/19,否,,,,,否,,,無確信,是,23.2900,380.8590,N/A,,否,,,無確信,無重疊,溫室氣體未確信,永續報告書 https://esggenplus.twse.com.tw/inquiry/report?market=0&year=2025&companyCode=9934&lang=zh-TW　｜溫室氣體 https://esggenplus.twse.com.tw/inquiry/info/individual?market=0&companyCode=9934&year=2025&lang=zh-TW,是：永續報告書已出版但確信與查證欄全空、亦未附任何文件，須翻 PDF 附錄複核
9937,全國,上市,安永聯合會計師事務所,張正道、黃建澤,已出版,2026/08/26,否,,,,,否,,,無確信,是,254.3200,"4,660.4600",N/A,,否,,,無確信,無重疊,溫室氣體未確信,永續報告書 https://esggenplus.twse.com.tw/inquiry/report?market=0&year=2025&companyCode=9937&lang=zh-TW　｜溫室氣體 https://esggenplus.twse.com.tw/inquiry/info/individual?market=0&companyCode=9937&year=2025&lang=zh-TW,是：永續報告書已出版但確信與查證欄全空、亦未附任何文件，須翻 PDF 附錄複核
9950,萬國通,上櫃,安永聯合會計師事務所,姚世傑、胡子仁,已出版,2026/08/31,否,,,,,否,,,無確信,是,171.6677,"3,869.3154",N/A,,否,,,無確信,無重疊,溫室氣體未確信,永續報告書 https://esggenplus.twse.com.tw/inquiry/report?market=1&year=2025&companyCode=9950&lang=zh-TW　｜溫室氣體 https://esggenplus.twse.com.tw/inquiry/info/individual?market=1&companyCode=9950&year=2025&lang=zh-TW,是：永續報告書已出版但確信與查證欄全空、亦未附任何文件，須翻 PDF 附錄複核
9955,佳龍,上市,安永聯合會計師事務所,鄭清標、林政緯,已出版,2026/08/31,是,正大聯合會計師事務所 Grant Thornton Taiwan,確信準則3000號(原公報第一號),有限確信,消耗能源總量(GRI302)、外購電力百分比(GRI302)、再生能源使用率(GRI302)、總用水量(GRI303)、廢棄物總重量(GRI306),否,,,否,是,217.2951,961.2763,已完成合併財務報表之母子公司,有限確信,是,正大聯合會計師事務所（Grant Thornton）,會計師事務所,否,無重疊,兩線齊備,永續報告書 https://esggenplus.twse.com.tw/inquiry/report?market=0&year=2025&companyCode=9955&lang=zh-TW　｜溫室氣體 https://esggenplus.twse.com.tw/inquiry/info/individual?market=0&companyCode=9955&year=2025&lang=zh-TW,否
9958,世紀鋼,上市,安永聯合會計師事務所,林政緯、陳國帥,已出版,2026/08/27,否,,,,,是,TUV台灣德國萊因技術監護顧問股份有限公司,AA1000 第1類型(Type1) 中度保證,無確信,是,"7,013.1448","14,307.1990",已完成母公司,合理保證等級,是,台灣德國萊因技術監護顧問股份有限公司（TÜV Rheinland）,驗證／查驗機構,否,無重疊,兩線齊備,永續報告書 https://esggenplus.twse.com.tw/inquiry/report?market=0&year=2025&companyCode=9958&lang=zh-TW　｜溫室氣體 https://esggenplus.twse.com.tw/inquiry/info/individual?market=0&companyCode=9958&year=2025&lang=zh-TW,否
